player_id,gamer_tag,state,events_played,sets_played,win_rate,weighted_win_rate,avg_seed_delta,opponent_strength,character_sets,character_win_rate,character_weighted_win_rate,character_usage_rate,upset_rate,activity_score,tournaments_played,latest_event_start,avg_event_entrants,max_event_entrants,events_with_known_state,inferred_state,inferred_state_confidence,home_state,home_state_inferred,home_state_confidence,home_country,home_country_inferred,home_country_confidence
1480393,DDee,GA,15,83,0.9156626506024096,0.8969855951299844,-0.3333333333333333,0.22578163294294676,0,,,0.0,0.0,23.3,13,1761926400,35.4,186,15,GA,1.0,GA,False,1.0,UNITED STATES,False,1.0
18802,Kola,GA,3,23,0.8260869565217391,0.8940064930146382,-0.6666666666666666,0.21888565311534075,0,,,0.0,0.0,5.300000000000001,3,1761926400,128.33333333333334,186,3,GA,1.0,GA,False,1.0,UNITED STATES,False,1.0
24638,omega,GA,19,119,0.8487394957983193,0.8387098975867714,-0.2222222222222222,0.2606755792280702,0,,,0.0,0.6,30.9,17,1762477200,45.05263157894737,186,19,GA,1.0,GA,False,1.0,UNITED STATES,False,1.0
1154793,spickles,,26,161,0.8322981366459627,0.8314330463720511,0.46153846153846156,0.2960968602611757,0,,,0.0,0.45161290322580644,42.1,25,1761926400,43.73076923076923,186,26,GA,1.0,GA,True,1.0,UNITED STATES,False,1.0
2348605,Ryu from Streets,,27,120,0.7833333333333333,0.7698695651623318,-0.4230769230769231,0.2602243436406533,34,0.7058823529411765,0.6771837286704553,0.2833333333333333,0.06666666666666667,39.0,23,1762560000,33.370370370370374,186,27,GA,1.0,GA,True,1.0,US,True,1.0
2414381,ROB Slayer,GA,17,86,0.8023255813953488,0.7678129113172826,1.2857142857142858,0.29700353109639344,0,,,0.0,0.5185185185185185,25.6,12,1761926400,36.470588235294116,186,17,GA,1.0,GA,False,1.0,UNITED STATES,False,1.0
1640541,Xerrot,GA,1,8,0.75,0.7499999999999999,73.0,0.027994945911365237,0,,,0.0,0.5,1.8,1,1761926400,186.0,186,1,,,GA,False,1.0,UNITED STATES,False,1.0
6905,Sonido,,5,33,0.7575757575757576,0.7497999300285466,-1.0,0.19028041980412577,0,,,0.0,0.4,8.3,5,1761926400,63.4,186,5,GA,1.0,GA,True,1.0,US,True,1.0
3430874,aj_waves,GA,4,27,0.7407407407407407,0.7445402054403488,6.0,0.23764262336782926,0,,,0.0,0.4,6.7,4,1761926400,93.25,186,4,GA,1.0,GA,False,1.0,UNITED STATES,False,1.0
15921,Fatality,GA,2,16,0.75,0.7342737297217479,4.5,0.1472862748275484,0,,,0.0,0.5714285714285714,3.6,2,1761926400,173.0,186,2,,,GA,False,1.0,UNITED STATES,False,1.0
159265,El Capo,GA,1,7,0.7142857142857143,0.7142857142857143,1.0,0.10451024483282548,0,,,0.0,0.0,1.7000000000000002,1,1753545600,37.0,37,1,,,GA,False,1.0,UNITED STATES,False,1.0
19555,Deanosaurus Rex,GA,1,7,0.7142857142857143,0.7142857142857143,0.0,0.20692640692640693,0,,,0.0,0.0,1.7000000000000002,1,1753545600,37.0,37,1,,,GA,False,1.0,UNITED STATES,False,1.0
946548,Jahzz0,,13,83,0.7228915662650602,0.7141116298093736,-3.923076923076923,0.27329217426995434,0,,,0.0,0.3333333333333333,21.3,13,1762477200,51.0,186,13,GA,1.0,GA,True,1.0,UNITED STATES,False,1.0
35275,PACDUECE,GA,2,13,0.6923076923076923,0.713353124730678,5.0,0.1325568043594609,0,,,0.0,0.5,3.3,2,1754150400,88.0,160,2,,,GA,False,1.0,UNITED STATES,False,1.0
4888408,FreeDubs,,5,30,0.7,0.706218185458589,9.0,0.23565679565679565,0,,,0.0,0.42857142857142855,8.0,5,1757973600,49.4,160,5,GA,1.0,GA,True,1.0,UNITED STATES,False,1.0
38830,Ave~,,27,152,0.7368421052631579,0.7000941256012294,-0.6296296296296297,0.24060342348034364,0,,,0.0,0.2903225806451613,42.2,27,1762560000,44.18518518518518,186,27,GA,1.0,GA,True,1.0,US,True,1.0
2585804,ToxiC,GA,34,173,0.6878612716763006,0.6931817854016606,0.21212121212121213,0.2712167550576621,0,,,0.0,0.2653061224489796,51.3,32,1762477200,37.794117647058826,186,34,GA,1.0,GA,False,1.0,UNITED STATES,False,1.0
3194293,iNGenius,,11,50,0.72,0.6873907073182165,1.6363636363636365,0.2844830116349079,0,,,0.0,0.5882352941176471,16.0,11,1754769600,36.90909090909091,160,11,GA,1.0,GA,True,1.0,,False,
35695,JankTrees!,GA,47,233,0.6824034334763949,0.6795699157759738,0.7659574468085106,0.2704961929351483,0,,,0.0,0.28735632183908044,70.3,41,1762560000,33.02127659574468,186,47,GA,1.0,GA,False,1.0,UNITED STATES,False,1.0
29578,JoseJFB,GA,2,11,0.6363636363636364,0.6779484868274533,-6.0,0.02292999233525962,0,,,0.0,0.0,3.1,2,1761926400,173.0,186,2,,,GA,False,1.0,UNITED STATES,False,1.0
1227401,Terry Labonte,GA,30,143,0.6853146853146853,0.6751785169595724,1.5357142857142858,0.27041769588604986,0,,,0.0,0.3333333333333333,44.3,27,1762396200,32.4,186,30,GA,1.0,GA,False,1.0,UNITED STATES,False,1.0
343421,Vendetta,GA,3,22,0.6818181818181818,0.6707493265202185,-1.6666666666666667,0.20485021636123493,0,,,0.0,0.42857142857142855,5.2,3,1761926400,127.66666666666667,186,3,GA,1.0,GA,False,1.0,UNITED STATES,False,1.0
71079,HyperKirby,GA,3,18,0.6666666666666666,0.6672125515297777,-0.3333333333333333,0.2238872188389628,0,,,0.0,0.2,4.8,3,1756425600,87.0,160,3,GA,1.0,GA,False,1.0,UNITED STATES,False,1.0
1850701,$Mark$,GA,1,6,0.6666666666666666,0.6666666666666667,6.0,0.16776094276094275,0,,,0.0,0.6,1.6,1,1755216000,43.0,43,1,,,GA,False,1.0,UNITED STATES,False,1.0
248498,Danye,GA,1,6,0.6666666666666666,0.6666666666666667,2.0,0.17131410256410257,0,,,0.0,0.0,1.6,1,1753401600,44.0,44,1,,,GA,False,1.0,UNITED STATES,False,1.0
590681,Smoovdiabetic,GA,1,6,0.6666666666666666,0.6666666666666666,5.0,0.10226038581301738,0,,,0.0,0.3333333333333333,1.6,1,1757635200,33.0,33,1,,,GA,False,1.0,UNITED STATES,False,1.0
5029550,BlueBeast,GA,1,6,0.6666666666666666,0.6666666666666666,148.0,0.03174456295111707,0,,,0.0,0.6666666666666666,1.6,1,1761926400,186.0,186,1,,,GA,False,1.0,UNITED STATES,False,1.0
181792,Cobalt,GA,14,81,0.6666666666666666,0.6623730540480595,-0.42857142857142855,0.19926655875864688,0,,,0.0,0.2,22.1,14,1761868800,42.642857142857146,160,14,GA,1.0,GA,False,1.0,UNITED STATES,False,1.0
691176,Spider,GA,25,143,0.6643356643356644,0.6616184941592386,0.68,0.2365637561321683,0,,,0.0,0.32,39.3,24,1761926400,44.12,186,25,GA,1.0,GA,False,1.0,UNITED STATES,False,1.0
36192,Mr.Speedman,GA,3,17,0.6470588235294118,0.6414455330215906,3.0,0.12597377329195403,0,,,0.0,0.25,4.7,3,1761868800,84.33333333333333,160,3,GA,1.0,GA,False,1.0,UNITED STATES,False,1.0
1646132,Tobe,GA,20,113,0.6460176991150443,0.6404021693067463,-0.6842105263157895,0.249827544797137,0,,,0.0,0.3,31.3,19,1762477200,39.65,160,20,GA,1.0,GA,False,1.0,UNITED STATES,False,1.0
428070,Nia,GA,18,89,0.6404494382022472,0.6385590212665984,0.2777777777777778,0.2284147317352498,0,,,0.0,0.2222222222222222,26.9,15,1761494400,32.5,160,18,GA,1.0,GA,False,1.0,UNITED STATES,False,1.0
2409815,AO ASHI SEASON 2 2026,GA,27,140,0.6214285714285714,0.6363031799123421,1.8461538461538463,0.20568067437724002,0,,,0.0,0.3611111111111111,41.0,25,1762477200,42.18518518518518,186,27,GA,1.0,GA,False,1.0,UNITED STATES,False,1.0
499333,Vivid,GA,8,41,0.6341463414634146,0.6284470127300508,-1.5,0.1502800985197486,0,,,0.0,0.1111111111111111,12.100000000000001,8,1761264000,55.0,160,8,GA,1.0,GA,False,1.0,UNITED STATES,False,1.0
1253838,everyone else,GA,7,36,0.6111111111111112,0.6140362588291783,-1.0,0.22374135177296098,0,,,0.0,0.2,10.6,7,1762477200,37.42857142857143,50,7,GA,1.0,GA,False,1.0,UNITED STATES,False,1.0
1885346,CoolCactuS,,4,20,0.6,0.6119896592849816,-3.25,0.08107344872302692,7,0.7142857142857143,0.6981595278615911,0.35,0.0,6.0,4,1761494400,74.0,160,4,GA,1.0,GA,True,1.0,UNITED STATES,False,1.0
1229067,Sid,GA,22,108,0.6203703703703703,0.6111218031679403,0.0,0.2713273599625651,0,,,0.0,0.2413793103448276,32.8,22,1762396200,33.36363636363637,186,22,GA,1.0,GA,False,1.0,UNITED STATES,False,1.0
2366887,FreeDubs,GA,14,62,0.5806451612903226,0.606896785317343,-0.6428571428571429,0.22892884849970202,0,,,0.0,0.13043478260869565,20.2,14,1762560000,37.285714285714285,186,14,GA,1.0,GA,False,1.0,UNITED STATES,False,1.0
282674,STiCK,GA,11,59,0.6101694915254238,0.6060493818659531,2.4545454545454546,0.18265987757827423,0,,,0.0,0.2608695652173913,16.9,11,1757030400,43.18181818181818,160,11,GA,1.0,GA,False,1.0,UNITED STATES,False,1.0
1045059,Coballs,,5,27,0.5925925925925926,0.6005227219335871,-1.4,0.24503722851485799,0,,,0.0,0.4,7.7,5,1761868800,40.8,59,5,GA,1.0,GA,True,1.0,UNITED STATES,False,1.0
1671724,Transcendent,GA,1,5,0.6,0.6000000000000001,67.0,0.023370627628161646,0,,,0.0,0.3333333333333333,1.5,1,1754150400,160.0,160,1,,,GA,False,1.0,UNITED STATES,False,1.0
2426222,DOUG,GA,1,5,0.6,0.6000000000000001,-2.0,0.0881923076923077,0,,,0.0,0.0,1.5,1,1762477200,35.0,35,1,,,GA,False,1.0,UNITED STATES,False,1.0
1809403,Atomic,GA,1,5,0.6,0.6000000000000001,1.0,0.11724310776942355,0,,,0.0,0.0,1.5,1,1756656000,51.0,51,1,,,GA,False,1.0,UNITED STATES,False,1.0
1022375,UmKellan,GA,1,5,0.6,0.6000000000000001,17.0,0.22616432068543452,0,,,0.0,0.3333333333333333,1.5,1,1761404400,43.0,43,1,,,GA,False,1.0,UNITED STATES,False,1.0
3623160,Nintendom7,GA,1,5,0.6,0.6,6.0,0.10222222222222223,0,,,0.0,0.0,1.5,1,1753545600,37.0,37,1,,,GA,False,1.0,UNITED STATES,False,1.0
2462362,makiGOAT,GA,1,5,0.6,0.6,-2.0,0.19052631578947368,0,,,0.0,0.0,1.5,1,1755446400,57.0,57,1,,,GA,False,1.0,UNITED STATES,False,1.0
267007,SLAYlor Moon,GA,2,10,0.6,0.5999999999999998,2.5,0.058942351609697324,0,,,0.0,0.0,3.0,2,1761926400,118.5,186,2,,,GA,False,1.0,UNITED STATES,False,1.0
2175953,Impluvio,,18,91,0.6153846153846154,0.5996923617427112,-0.05555555555555555,0.30440084715816307,0,,,0.0,0.34285714285714286,27.1,17,1761926400,34.666666666666664,186,18,GA,1.0,GA,True,1.0,US,True,1.0
4586226,Netherlord64,GA,8,38,0.6052631578947368,0.5960453993875183,6.375,0.1739836610986396,0,,,0.0,0.1875,11.8,8,1754523000,44.625,160,8,GA,1.0,GA,False,1.0,UNITED STATES,False,1.0
1764076,Twist!?,GA,19,80,0.6125,0.5918233089301576,0.0,0.22574345388965228,0,,,0.0,0.21428571428571427,27.0,15,1762560000,32.31578947368421,186,19,GA,1.0,GA,False,1.0,UNITED STATES,False,1.0
4943785,Vitamin C,GA,7,35,0.6571428571428571,0.591692517727621,-6.428571428571429,0.4075920063449661,0,,,0.0,0.4375,10.5,6,1761926400,39.57142857142857,186,7,GA,1.0,GA,False,1.0,UNITED STATES,False,1.0
2285547,Arc,GA,9,43,0.5813953488372093,0.590793604329238,2.4444444444444446,0.25740926422129495,0,,,0.0,0.4444444444444444,13.3,9,1762216200,34.22222222222222,186,9,GA,1.0,GA,False,1.0,UNITED STATES,False,1.0
264290,squirtleB,,7,35,0.6,0.5902185614023303,1.5714285714285714,0.1852372032496854,0,,,0.0,0.25,10.5,7,1761264000,51.285714285714285,160,7,GA,1.0,GA,True,1.0,,False,
1653684,varunk,GA,11,55,0.45454545454545453,0.581396766840933,1.4545454545454546,0.22016664988290874,0,,,0.0,0.3103448275862069,16.5,10,1762477200,53.72727272727273,186,11,GA,1.0,GA,False,1.0,UNITED STATES,False,1.0
1383907,Happy,GA,15,74,0.6081081081081081,0.5802295885966525,-1.3333333333333333,0.20655819135779846,0,,,0.0,0.3333333333333333,22.4,14,1761926400,48.666666666666664,186,15,GA,1.0,GA,False,1.0,UNITED STATES,False,1.0
1482843,Shaine,GA,2,14,0.5714285714285714,0.5786014809090232,3.5,0.23113444095586952,0,,,0.0,0.0,3.4000000000000004,2,1754150400,88.0,160,2,,,GA,False,1.0,UNITED STATES,False,1.0
595350,DanggChris,GA,2,9,0.5555555555555556,0.5777676846970331,26.5,0.021815854046506787,0,,,0.0,0.2,2.9,2,1761926400,173.0,186,2,,,GA,False,1.0,UNITED STATES,False,1.0
1007555,Sacred,,7,33,0.6060606060606061,0.5755933095823733,0.7142857142857143,0.26605531138031835,0,,,0.0,0.35714285714285715,10.3,7,1755295200,44.142857142857146,160,7,GA,1.0,GA,True,1.0,UNITED STATES,False,1.0
36462,Nimbus,GA,3,14,0.5714285714285714,0.5753549736767041,0.3333333333333333,0.16437862054403407,0,,,0.0,0.16666666666666666,4.4,3,1757030400,39.333333333333336,51,3,GA,1.0,GA,False,1.0,UNITED STATES,False,1.0
2233683,Akamos,GA,15,71,0.5774647887323944,0.5701610350773566,-1.0666666666666667,0.24931815795476747,1,0.0,0.0,0.014084507042253521,0.25,22.1,12,1761926400,38.4,186,15,GA,1.0,GA,False,1.0,UNITED STATES,False,1.0
3429754,CHEESE,GA,12,54,0.5740740740740741,0.5644693134430149,2.6666666666666665,0.2644606791337976,0,,,0.0,0.3333333333333333,17.4,10,1762560000,35.916666666666664,186,12,GA,1.0,GA,False,1.0,UNITED STATES,False,1.0
1810274,Mojo Jojo,GA,20,86,0.5697674418604651,0.5633521331727344,-0.55,0.19767309338728337,0,,,0.0,0.25,28.6,17,1762128000,34.1,160,20,GA,1.0,GA,False,1.0,UNITED STATES,False,1.0
1406480,tristories,GA,2,9,0.5555555555555556,0.5597856733124096,0.0,0.2708994708994709,0,,,0.0,0.2,2.9,2,1757030400,34.0,40,2,,,GA,False,1.0,UNITED STATES,False,1.0
1140567,RussianJesus,GA,15,70,0.5428571428571428,0.5592411381849361,-0.7857142857142857,0.19529038172287733,0,,,0.0,0.2916666666666667,22.0,14,1762133400,38.4,186,15,GA,1.0,GA,False,1.0,UNITED STATES,False,1.0
1100077,Spruce,,11,49,0.5510204081632653,0.5569911484220845,7.0,0.19483092259391566,0,,,0.0,0.2413793103448276,15.9,8,1761494400,38.09090909090909,160,11,GA,1.0,GA,True,1.0,UNITED STATES,False,1.0
3991446,BigCheese,,21,90,0.5444444444444444,0.5503883641171844,1.85,0.17776066431457863,0,,,0.0,0.27906976744186046,30.0,18,1762477200,33.285714285714285,186,21,GA,1.0,GA,True,1.0,US,True,1.0
2366169,crimFANN,GA,6,23,0.5217391304347826,0.5486123982606899,2.1666666666666665,0.32807260864457993,0,,,0.0,0.4166666666666667,8.3,6,1762027200,35.333333333333336,160,6,GA,1.0,GA,False,1.0,UNITED STATES,False,1.0
2721225,pristinetao,,9,39,0.5384615384615384,0.544213445179429,-4.777777777777778,0.11844821580233479,0,,,0.0,0.2,12.9,9,1761868800,50.0,160,9,GA,1.0,GA,True,1.0,US,True,1.0
1807346,PlexiTier,GA,3,12,0.5,0.5410445330666118,24.0,0.06254519155723891,0,,,0.0,0.2857142857142857,4.2,3,1761926400,81.0,186,3,GA,1.0,GA,False,1.0,UNITED STATES,False,1.0
2080364,Derp,GA,2,9,0.5555555555555556,0.5392686726916186,2.0,0.12632162237425396,0,,,0.0,0.0,2.9,2,1754150400,88.0,160,2,,,GA,False,1.0,UNITED STATES,False,1.0
951915,Katnip,GA,5,20,0.55,0.5207553894783139,4.6,0.1881087152913215,0,,,0.0,0.36363636363636365,7.0,4,1761926400,53.8,186,5,GA,1.0,GA,False,1.0,UNITED STATES,False,1.0
3862975,Yharon,GA,6,21,0.42857142857142855,0.5188397543451144,7.0,0.2051974678441207,0,,,0.0,0.2222222222222222,8.1,5,1761926400,39.166666666666664,186,6,GA,1.0,GA,False,1.0,UNITED STATES,False,1.0
2152846,Nikol,GA,5,21,0.5238095238095238,0.5160304926941144,8.8,0.250110953472298,0,,,0.0,0.375,7.1,5,1754953200,32.8,62,5,GA,1.0,GA,False,1.0,UNITED STATES,False,1.0
3548468,promamamia,GA,44,169,0.5088757396449705,0.5117740270977802,4.837209302325581,0.2122203265971065,0,,,0.0,0.2857142857142857,60.900000000000006,40,1762477200,33.65909090909091,186,44,GA,1.0,GA,False,1.0,UNITED STATES,False,1.0
181040,#1 TEASER FAN FOR LIFE,GA,3,12,0.5,0.5108126082799563,5.0,0.07139507466062694,0,,,0.0,0.16666666666666666,4.2,3,1761494400,85.33333333333333,160,3,GA,1.0,GA,False,1.0,UNITED STATES,False,1.0
1169889,Bumble,GA,7,28,0.5,0.5102939918030373,9.5,0.21970029707631056,0,,,0.0,0.3888888888888889,9.8,7,1761001200,34.285714285714285,160,7,GA,1.0,GA,False,1.0,UNITED STATES,False,1.0
2059555,BlueMarker,GA,7,28,0.5,0.5095385267017292,8.428571428571429,0.20794123799023126,0,,,0.0,0.3,9.8,4,1761926400,49.714285714285715,186,7,GA,1.0,GA,False,1.0,UNITED STATES,False,1.0
867830,Retro18,GA,3,13,0.5384615384615384,0.5095251284841597,-2.0,0.10261684000081776,0,,,0.0,0.0,4.3,3,1761926400,88.66666666666667,186,3,GA,1.0,GA,False,1.0,UNITED STATES,False,1.0
22583,Dubz,GA,8,43,0.5581395348837209,0.5070393685290543,1.625,0.2803992832562379,0,,,0.0,0.36363636363636365,12.3,6,1761404400,39.875,160,8,GA,1.0,GA,False,1.0,UNITED STATES,False,1.0
1170738,Dampé,GA,17,80,0.525,0.504291084810768,-2.588235294117647,0.2401202607369382,0,,,0.0,0.3103448275862069,25.0,17,1762128000,35.64705882352941,186,17,GA,1.0,GA,False,1.0,UNITED STATES,False,1.0
2149803,ImNoPro,GA,7,28,0.5,0.5034461594784359,6.571428571428571,0.1406472512193311,0,,,0.0,0.3076923076923077,9.8,7,1758992400,46.57142857142857,160,7,GA,1.0,GA,False,1.0,UNITED STATES,False,1.0
1990149,Ace_CMH,GA,2,8,0.5,0.5000000000000001,1.5,0.1609056875921616,0,,,0.0,0.0,2.8,2,1754006400,53.0,62,2,,,GA,False,1.0,UNITED STATES,False,1.0
979040,Dragonned,GA,1,4,0.5,0.5,0.0,0.13333333333333333,0,,,0.0,0.0,1.4,1,1756425600,39.0,39,1,,,GA,False,1.0,UNITED STATES,False,1.0
2567848,NinNet,GA,1,4,0.5,0.5,4.0,0.3072916666666667,0,,,0.0,0.3333333333333333,1.4,1,1760205600,35.0,35,1,,,GA,False,1.0,UNITED STATES,False,1.0
397537,Burlum,GA,1,4,0.5,0.5,33.0,0.017858693786212375,0,,,0.0,0.0,1.4,1,1754150400,160.0,160,1,,,GA,False,1.0,UNITED STATES,False,1.0
1209911,Element,GA,1,4,0.5,0.5,2.0,0.04494047619047619,0,,,0.0,0.0,1.4,1,1758844800,40.0,40,1,,,GA,False,1.0,UNITED STATES,False,1.0
3055798,Cromat,GA,5,20,0.5,0.5,6.6,0.18261775783198939,0,,,0.0,0.18181818181818182,7.0,5,1760308200,46.4,160,5,GA,1.0,GA,False,1.0,UNITED STATES,False,1.0
4875879,Mr. Chez,GA,1,4,0.5,0.5,6.0,0.07448607427055703,0,,,0.0,0.0,1.4,1,1753545600,37.0,37,1,,,GA,False,1.0,UNITED STATES,False,1.0
5041361,Vanitas,GA,1,4,0.5,0.5,87.0,0.017911837021426062,0,,,0.0,0.5,1.4,1,1761926400,186.0,186,1,,,GA,False,1.0,UNITED STATES,False,1.0
5043187,Sombrero,GA,1,4,0.5,0.5,121.0,0.04516913392581192,0,,,0.0,0.5,1.4,1,1761926400,186.0,186,1,,,GA,False,1.0,UNITED STATES,False,1.0
3556938,w3155,GA,1,4,0.5,0.5,0.0,0.054449833702882484,0,,,0.0,0.5,1.4,1,1756656000,51.0,51,1,,,GA,False,1.0,UNITED STATES,False,1.0
295892,CorazónCodi,GA,1,4,0.5,0.5,15.0,0.0178343837535014,0,,,0.0,0.0,1.4,1,1754150400,160.0,160,1,,,GA,False,1.0,UNITED STATES,False,1.0
875431,Stain,GA,1,4,0.5,0.5,1.0,0.19081462016244624,0,,,0.0,0.5,1.4,1,1761264000,43.0,43,1,,,GA,False,1.0,UNITED STATES,False,1.0
4949517,BeigeMage,GA,1,4,0.5,0.5,26.0,0.04425837320574162,0,,,0.0,0.5,1.4,1,1756656000,51.0,51,1,,,GA,False,1.0,UNITED STATES,False,1.0
4892409,BOB,GA,1,4,0.5,0.5,16.0,0.29010416666666666,0,,,0.0,0.5,1.4,1,1753545600,37.0,37,1,,,GA,False,1.0,UNITED STATES,False,1.0
2894975,WeleX,GA,1,4,0.5,0.5,4.0,0.04563492063492063,0,,,0.0,0.0,1.4,1,1756656000,51.0,51,1,,,GA,False,1.0,UNITED STATES,False,1.0
2722036,Turtle_,GA,1,4,0.5,0.5,5.0,0.10973164618864233,0,,,0.0,0.0,1.4,1,1756666800,41.0,41,1,,,GA,False,1.0,UNITED STATES,False,1.0
4950961,LostCause919,GA,1,4,0.5,0.5,16.0,0.2837384259259259,0,,,0.0,0.5,1.4,1,1756666800,41.0,41,1,,,GA,False,1.0,UNITED STATES,False,1.0
2057044,Kazvto,GA,1,4,0.5,0.5,3.0,0.07366151866151867,0,,,0.0,0.0,1.4,1,1755446400,57.0,57,1,,,GA,False,1.0,UNITED STATES,False,1.0
2904922,ROCKY,GA,2,8,0.5,0.5,17.5,0.15044476356976358,0,,,0.0,0.3333333333333333,2.8,2,1761926400,99.0,186,2,,,GA,False,1.0,UNITED STATES,False,1.0
1232711,ErickRT02,GA,1,4,0.5,0.5,1.0,0.013672916502448309,0,,,0.0,0.0,1.4,1,1761926400,186.0,186,1,,,GA,False,1.0,UNITED STATES,False,1.0
1076556,Kris,GA,1,4,0.5,0.5,21.0,0.018001554944434377,0,,,0.0,0.0,1.4,1,1761926400,186.0,186,1,,,GA,False,1.0,UNITED STATES,False,1.0
3446529,Kaizo,GA,1,4,0.5,0.5,0.0,0.3333333333333333,0,,,0.0,0.3333333333333333,1.4,1,1753545600,37.0,37,1,,,GA,False,1.0,UNITED STATES,False,1.0
905410,Primary Trout~,GA,7,28,0.5,0.49802624260331047,5.428571428571429,0.10732838539525603,0,,,0.0,0.15384615384615385,9.8,7,1757030400,58.714285714285715,160,7,GA,1.0,GA,False,1.0,UNITED STATES,False,1.0
1392649,KageGato,GA,4,16,0.5,0.49388968295342006,-4.75,0.2380894020556074,0,,,0.0,0.3333333333333333,5.6,4,1756677600,51.5,160,4,GA,1.0,GA,False,1.0,UNITED STATES,False,1.0
1647157,Kailen,GA,3,12,0.5,0.48973570239142244,-10.333333333333334,0.14349415281008923,0,,,0.0,0.5,4.2,3,1754150400,88.66666666666667,160,3,GA,1.0,GA,False,1.0,UNITED STATES,False,1.0
1230555,Uchiki,GA,30,113,0.5132743362831859,0.48788513153751367,1.3333333333333333,0.15358764313970394,0,,,0.0,0.13953488372093023,41.3,27,1762560000,37.333333333333336,186,30,GA,1.0,GA,False,1.0,UNITED STATES,False,1.0
329546,VaR,GA,11,33,0.42424242424242425,0.4849357158309253,1.0,0.28595467107637546,0,,,0.0,0.3125,14.3,11,1762128000,32.09090909090909,186,11,GA,1.0,GA,False,1.0,UNITED STATES,False,1.0
1137803,N8borsclub,GA,9,36,0.5,0.4824628137140792,-1.6666666666666667,0.10474979208750759,0,,,0.0,0.16666666666666666,12.6,9,1762477200,36.55555555555556,43,9,GA,1.0,GA,False,1.0,UNITED STATES,False,1.0
1792035,R0CK,GA,5,20,0.5,0.4823422394275331,17.4,0.11564792489058599,0,,,0.0,0.23076923076923078,7.0,5,1761926400,66.6,186,5,GA,1.0,GA,False,1.0,UNITED STATES,False,1.0
4384721,Jdaddy,GA,21,92,0.4782608695652174,0.48002940945794237,-0.09523809523809523,0.1844281269547388,0,,,0.0,0.19607843137254902,30.200000000000003,20,1762396200,33.285714285714285,186,21,GA,1.0,GA,False,1.0,UNITED STATES,False,1.0
208790,Juncineroar,GA,2,8,0.5,0.4776304994177805,4.0,0.1521291208791209,0,,,0.0,0.0,2.8,2,1756425600,32.5,39,2,,,GA,False,1.0,UNITED STATES,False,1.0
989587,StreetDzine,,11,40,0.5,0.4771708687353902,0.5,0.1575128480761558,0,,,0.0,0.07142857142857142,15.0,11,1761264000,41.45454545454545,160,11,GA,1.0,GA,True,1.0,UNITED STATES,False,1.0
1135679,Monologgue,GA,14,65,0.5076923076923077,0.47428870986041083,-6.230769230769231,0.22021038057657624,0,,,0.0,0.23076923076923078,20.5,13,1761926400,35.42857142857143,186,14,GA,1.0,GA,False,1.0,UNITED STATES,False,1.0
35934,Hue,GA,6,23,0.4782608695652174,0.47276457857927506,2.3333333333333335,0.07437901631284759,0,,,0.0,0.38461538461538464,8.3,5,1761926400,80.5,186,6,GA,1.0,GA,False,1.0,UNITED STATES,False,1.0
3003562,Prince Peach,GA,25,94,0.4574468085106383,0.47239878534379826,5.0,0.15737252490666637,0,,,0.0,0.29508196721311475,34.4,24,1762477200,33.28,186,25,GA,1.0,GA,False,1.0,UNITED STATES,False,1.0
3256876,ImPhenyl,GA,9,28,0.42857142857142855,0.4713989312717293,-0.7142857142857143,0.22586015017543534,0,,,0.0,0.07142857142857142,11.8,7,1760205600,35.22222222222222,160,9,GA,1.0,GA,False,1.0,UNITED STATES,False,1.0
547843,pibble12,GA,3,10,0.4,0.47078127167625927,-16.0,0.04131044666915004,0,,,0.0,0.0,4.0,3,1761264000,82.33333333333333,160,3,GA,1.0,GA,False,1.0,UNITED STATES,False,1.0
3730125,kahdeh,GA,3,10,0.4,0.4658306436653095,17.0,0.13916206758906466,0,,,0.0,0.3333333333333333,4.0,3,1761926400,79.66666666666667,186,3,GA,1.0,GA,False,1.0,UNITED STATES,False,1.0
1452882,Plaid,,9,34,0.47058823529411764,0.46405212817210073,0.0,0.06984386615185731,0,,,0.0,0.07692307692307693,12.4,9,1762477200,38.111111111111114,50,9,GA,1.0,GA,True,1.0,US,True,1.0
2699776,S0URCEC0DE,GA,7,26,0.46153846153846156,0.4473961412331596,-1.7142857142857142,0.19584775698846638,0,,,0.0,0.2,9.6,5,1761926400,39.57142857142857,186,7,GA,1.0,GA,False,1.0,UNITED STATES,False,1.0
1059715,Daiyan,GA,10,31,0.4838709677419355,0.44732163836005145,-2.2222222222222223,0.17072527367328505,0,,,0.0,0.15384615384615385,13.1,9,1761926400,54.9,186,10,GA,1.0,GA,False,1.0,UNITED STATES,False,1.0
509710,iGreg!,GA,3,11,0.45454545454545453,0.44520886523202763,-3.6666666666666665,0.07300644951165731,0,,,0.0,0.0,4.1,3,1758240000,80.33333333333333,160,3,GA,1.0,GA,False,1.0,UNITED STATES,False,1.0
135265,Ethan Winters,GA,2,6,0.3333333333333333,0.43379991222249237,3.0,0.05955942205942206,0,,,0.0,0.25,2.6,2,1761926400,114.5,186,2,,,GA,False,1.0,UNITED STATES,False,1.0
2648735,Nyramyss,GA,5,21,0.47619047619047616,0.43367433387630805,7.8,0.22948750235401358,0,,,0.0,0.18181818181818182,7.1,5,1761494400,57.4,160,5,GA,1.0,GA,False,1.0,UNITED STATES,False,1.0
2634169,Grey,GA,2,7,0.42857142857142855,0.43098363480969776,-2.5,0.22177332471450117,0,,,0.0,0.5,2.7,2,1758756600,33.5,41,2,,,GA,False,1.0,UNITED STATES,False,1.0
1794753,Bagel,GA,8,28,0.42857142857142855,0.42972725968001974,12.0,0.10097258124266482,0,,,0.0,0.2777777777777778,10.8,8,1761926400,54.375,186,8,GA,1.0,GA,False,1.0,UNITED STATES,False,1.0
2405108,Scuffed,GA,2,6,0.3333333333333333,0.4278368040008498,2.0,0.02765197943597172,0,,,0.0,0.0,2.6,2,1761926400,121.5,186,2,,,GA,False,1.0,UNITED STATES,False,1.0
1052642,GOOMBA!,GA,3,11,0.45454545454545453,0.4246907432923689,13.333333333333334,0.1647615094459854,0,,,0.0,0.4,4.1,2,1755446400,77.33333333333333,160,3,GA,1.0,GA,False,1.0,UNITED STATES,False,1.0
2764337,V2Kwame,GA,6,21,0.42857142857142855,0.4225209399424622,1.6666666666666667,0.17858898110547158,0,,,0.0,0.16666666666666666,8.1,6,1762560000,33.666666666666664,41,6,GA,1.0,GA,False,1.0,UNITED STATES,False,1.0
994539,zors3y,GA,12,39,0.38461538461538464,0.4033792512174391,-0.4166666666666667,0.14646040497385995,0,,,0.0,0.17391304347826086,15.9,10,1761494400,38.5,160,12,GA,1.0,GA,False,1.0,UNITED STATES,False,1.0
36310,Dom,GA,3,10,0.4,0.39157107922775114,-2.0,0.16033793820558526,0,,,0.0,0.0,4.0,3,1759449600,35.0,40,3,GA,1.0,GA,False,1.0,UNITED STATES,False,1.0
4104907,Mishmash,GA,21,64,0.34375,0.38571119464907183,8.476190476190476,0.13746321511414517,0,,,0.0,0.1875,27.4,19,1762389000,36.23809523809524,186,21,GA,1.0,GA,False,1.0,UNITED STATES,False,1.0
2230310,Yehtu,,10,30,0.3333333333333333,0.3773758566036812,5.9,0.13431484269311847,0,,,0.0,0.14285714285714285,13.0,10,1761926400,46.2,186,10,GA,1.0,GA,True,1.0,US,True,1.0
4349436,Nerœ,GA,3,9,0.3333333333333333,0.3684305610926861,8.333333333333334,0.30272181522181524,0,,,0.0,0.2857142857142857,3.9,3,1760832000,58.0,160,3,GA,1.0,GA,False,1.0,UNITED STATES,False,1.0
3848849,Lupo,,3,8,0.25,0.3676514426488224,11.333333333333334,0.0776557024219823,0,,,0.0,0.14285714285714285,3.8,3,1761926400,83.0,186,3,GA,1.0,GA,True,1.0,,False,
3621035,Juug$tarr,GA,14,47,0.40425531914893614,0.36718789262521295,-2.4285714285714284,0.1568912817777961,0,,,0.0,0.10526315789473684,18.7,14,1762396200,36.57142857142857,186,14,GA,1.0,GA,False,1.0,UNITED STATES,False,1.0
2387403,SamRice,GA,24,68,0.36764705882352944,0.3654870545432022,7.304347826086956,0.18051581600313407,0,,,0.0,0.24528301886792453,30.8,20,1762477200,36.708333333333336,186,24,GA,1.0,GA,False,1.0,UNITED STATES,False,1.0
1305309,REDD,GA,4,13,0.38461538461538464,0.35843322664849436,-11.25,0.1194052595636306,0,,,0.0,0.0,5.3,4,1761926400,60.0,186,4,GA,1.0,GA,False,1.0,UNITED STATES,False,1.0
1804122,BlaZR,,16,53,0.37735849056603776,0.35628971293157763,2.5625,0.1393495038263197,0,,,0.0,0.1935483870967742,21.3,15,1762560000,34.3125,160,16,GA,1.0,GA,True,1.0,UNITED STATES,False,1.0
2377635,Tilted,GA,16,49,0.3469387755102041,0.35349119423994496,4.75,0.13454460833176315,0,,,0.0,0.22580645161290322,20.9,14,1761926400,38.875,186,16,GA,1.0,GA,False,1.0,UNITED STATES,False,1.0
1415412,Hennyjuice,GA,1,3,0.3333333333333333,0.33333333333333337,5.0,0.17619047619047618,0,,,0.0,0.0,1.3,1,1755295200,36.0,36,1,,,GA,False,1.0,UNITED STATES,False,1.0
1319950,BrAndO,GA,1,3,0.3333333333333333,0.33333333333333337,17.0,0.04121918270854441,0,,,0.0,0.3333333333333333,1.3,1,1755446400,57.0,57,1,,,GA,False,1.0,UNITED STATES,False,1.0
3443791,hotdiggitydog,GA,1,3,0.3333333333333333,0.33333333333333337,18.0,0.044389233954451345,0,,,0.0,0.3333333333333333,1.3,1,1755446400,57.0,57,1,,,GA,False,1.0,UNITED STATES,False,1.0
1193981,Minty,GA,2,6,0.3333333333333333,0.33333333333333337,7.5,0.07955313119399807,0,,,0.0,0.25,2.6,2,1754006400,45.5,62,2,,,GA,False,1.0,UNITED STATES,False,1.0
2785367,mania,GA,2,6,0.3333333333333333,0.33333333333333337,-4.5,0.08941196923861416,0,,,0.0,0.3333333333333333,2.6,2,1754006400,53.0,62,2,,,GA,False,1.0,UNITED STATES,False,1.0
2233732,Drippy,GA,1,3,0.3333333333333333,0.33333333333333337,2.0,0.06056166056166056,0,,,0.0,0.0,1.3,1,1760054400,35.0,35,1,,,GA,False,1.0,UNITED STATES,False,1.0
36826,DelFuego,GA,2,6,0.3333333333333333,0.33333333333333337,1.0,0.10634920634920635,0,,,0.0,0.25,2.6,2,1752876000,36.5,44,2,,,GA,False,1.0,UNITED STATES,False,1.0
4666330,Unity,GA,1,3,0.3333333333333333,0.33333333333333337,0.0,0.06388888888888888,0,,,0.0,0.0,1.3,1,1756666800,41.0,41,1,,,GA,False,1.0,UNITED STATES,False,1.0
2425166,Alphabet17,GA,1,3,0.3333333333333333,0.33333333333333337,8.0,0.3633578431372549,0,,,0.0,0.3333333333333333,1.3,1,1760216400,33.0,33,1,,,GA,False,1.0,UNITED STATES,False,1.0
2397250,echoes,GA,1,3,0.3333333333333333,0.33333333333333337,-5.0,0.04772079772079772,0,,,0.0,0.0,1.3,1,1752796800,44.0,44,1,,,GA,False,1.0,UNITED STATES,False,1.0
30532,Jonestly,GA,1,3,0.3333333333333333,0.3333333333333333,-55.0,0.009540174276673951,0,,,0.0,,1.3,1,1754150400,160.0,160,1,,,GA,False,1.0,UNITED STATES,False,1.0
467873,RyuAwesome126,GA,1,3,0.3333333333333333,0.3333333333333333,55.0,0.010559053740871923,0,,,0.0,0.3333333333333333,1.3,1,1761926400,186.0,186,1,,,GA,False,1.0,UNITED STATES,False,1.0
1149897,Se7eN,GA,1,3,0.3333333333333333,0.3333333333333333,42.0,0.00975583627627496,0,,,0.0,0.3333333333333333,1.3,1,1761926400,186.0,186,1,,,GA,False,1.0,UNITED STATES,False,1.0
1144070,Nikita,GA,1,3,0.3333333333333333,0.3333333333333333,46.0,0.02936560811310978,0,,,0.0,0.3333333333333333,1.3,1,1754150400,160.0,160,1,,,GA,False,1.0,UNITED STATES,False,1.0
68213,SgtCarson,GA,1,3,0.3333333333333333,0.3333333333333333,41.0,0.01600640256102441,0,,,0.0,0.3333333333333333,1.3,1,1754150400,160.0,160,1,,,GA,False,1.0,UNITED STATES,False,1.0
3796232,JB_Staticxz,GA,1,3,0.3333333333333333,0.3333333333333333,55.0,0.010966915836101883,0,,,0.0,0.3333333333333333,1.3,1,1754150400,160.0,160,1,,,GA,False,1.0,UNITED STATES,False,1.0
1693617,HelpMe,GA,1,3,0.3333333333333333,0.3333333333333333,3.0,0.031451487371068565,0,,,0.0,0.0,1.3,1,1754006400,62.0,62,1,,,GA,False,1.0,UNITED STATES,False,1.0
367828,EdgyKnight,GA,1,3,0.3333333333333333,0.3333333333333333,-5.0,0.03678678678678679,0,,,0.0,0.0,1.3,1,1754006400,62.0,62,1,,,GA,False,1.0,UNITED STATES,False,1.0
1110820,Fedora,GA,1,3,0.3333333333333333,0.3333333333333333,-22.0,0.016045674509523468,0,,,0.0,0.0,1.3,1,1754150400,160.0,160,1,,,GA,False,1.0,UNITED STATES,False,1.0
4733195,Mantra,GA,1,3,0.3333333333333333,0.3333333333333333,63.0,0.010780413940278366,0,,,0.0,0.3333333333333333,1.3,1,1754150400,160.0,160,1,,,GA,False,1.0,UNITED STATES,False,1.0
3796438,camcam,GA,1,3,0.3333333333333333,0.3333333333333333,59.0,0.010502897580398435,0,,,0.0,0.3333333333333333,1.3,1,1754150400,160.0,160,1,,,GA,False,1.0,UNITED STATES,False,1.0
4559756,CHAOS,GA,1,3,0.3333333333333333,0.3333333333333333,57.0,0.019760462478909082,0,,,0.0,0.3333333333333333,1.3,1,1754150400,160.0,160,1,,,GA,False,1.0,UNITED STATES,False,1.0
1159961,goopie guy,GA,1,3,0.3333333333333333,0.3333333333333333,4.0,0.017664702447311144,0,,,0.0,0.0,1.3,1,1754150400,160.0,160,1,,,GA,False,1.0,UNITED STATES,False,1.0
1183242,Gekyume,GA,1,3,0.3333333333333333,0.3333333333333333,26.0,0.06280502250651504,0,,,0.0,0.0,1.3,1,1754150400,160.0,160,1,,,GA,False,1.0,UNITED STATES,False,1.0
1183375,DaHuey,GA,1,3,0.3333333333333333,0.3333333333333333,13.0,0.03332347431726314,0,,,0.0,0.0,1.3,1,1754150400,160.0,160,1,,,GA,False,1.0,UNITED STATES,False,1.0
31308,BigPlay,GA,1,3,0.3333333333333333,0.3333333333333333,-8.0,0.0725438596491228,0,,,0.0,0.0,1.3,1,1756656000,51.0,51,1,,,GA,False,1.0,UNITED STATES,False,1.0
3603872,SirMelltheGreat,GA,1,3,0.3333333333333333,0.3333333333333333,1.0,0.04558404558404558,0,,,0.0,0.5,1.3,1,1756656000,51.0,51,1,,,GA,False,1.0,UNITED STATES,False,1.0
1415089,Flashfire,GA,1,3,0.3333333333333333,0.3333333333333333,12.0,0.022887172887172888,0,,,0.0,0.0,1.3,1,1761926400,186.0,186,1,,,GA,False,1.0,UNITED STATES,False,1.0
4368183,Xcite!,GA,1,3,0.3333333333333333,0.3333333333333333,15.0,0.04198830409356725,0,,,0.0,0.3333333333333333,1.3,1,1755216000,43.0,43,1,,,GA,False,1.0,UNITED STATES,False,1.0
2998706,VolarIRL,GA,1,3,0.3333333333333333,0.3333333333333333,5.0,0.07443718228031954,0,,,0.0,0.5,1.3,1,1756656000,51.0,51,1,,,GA,False,1.0,UNITED STATES,False,1.0
3012512,TC,GA,1,3,0.3333333333333333,0.3333333333333333,3.0,0.06094480232411267,0,,,0.0,0.0,1.3,1,1757635200,33.0,33,1,,,GA,False,1.0,UNITED STATES,False,1.0
2072023,STRINGMANRETR0,GA,1,3,0.3333333333333333,0.3333333333333333,41.0,0.01450016599818748,0,,,0.0,0.3333333333333333,1.3,1,1761926400,186.0,186,1,,,GA,False,1.0,UNITED STATES,False,1.0
541222,Foam Root,GA,1,3,0.3333333333333333,0.3333333333333333,11.0,0.03196624561774395,0,,,0.0,0.0,1.3,1,1761494400,59.0,59,1,,,GA,False,1.0,UNITED STATES,False,1.0
3046541,BigTony,GA,1,3,0.3333333333333333,0.3333333333333333,11.0,0.03880751931726444,0,,,0.0,0.3333333333333333,1.3,1,1761494400,59.0,59,1,,,GA,False,1.0,UNITED STATES,False,1.0
34737,Crusher,GA,1,3,0.3333333333333333,0.3333333333333333,0.0,0.3639705882352941,0,,,0.0,0.5,1.3,1,1753545600,37.0,37,1,,,GA,False,1.0,UNITED STATES,False,1.0
3023788,meen,GA,1,3,0.3333333333333333,0.3333333333333333,-5.0,0.09769119769119769,0,,,0.0,0.0,1.3,1,1753545600,37.0,37,1,,,GA,False,1.0,UNITED STATES,False,1.0
1875386,GingerSNAP,GA,1,3,0.3333333333333333,0.3333333333333333,-3.0,0.14532163742690057,0,,,0.0,0.0,1.3,1,1753545600,37.0,37,1,,,GA,False,1.0,UNITED STATES,False,1.0
1821403,mike,GA,2,6,0.3333333333333333,0.33333333333333326,11.0,0.03381922861089528,0,,,0.0,0.0,2.6,2,1761494400,58.0,59,2,,,GA,False,1.0,UNITED STATES,False,1.0
2030915,Kori,GA,4,12,0.25,0.3283823941972038,21.5,0.06963761360248144,0,,,0.0,0.2,5.2,4,1761926400,65.5,186,4,GA,1.0,GA,False,1.0,UNITED STATES,False,1.0
4038816,KingKirb,GA,2,7,0.42857142857142855,0.3141238638311239,4.0,0.11015928515928516,0,,,0.0,0.0,2.7,2,1760054400,36.0,37,2,,,GA,False,1.0,UNITED STATES,False,1.0
1630543,Nestor,GA,5,14,0.2857142857142857,0.2935919577632887,8.2,0.1412654285650679,0,,,0.0,0.2727272727272727,6.4,5,1756249200,43.4,160,5,GA,1.0,GA,False,1.0,UNITED STATES,False,1.0
1378523,LeoRR,GA,2,7,0.42857142857142855,0.2741124243270894,-21.0,0.30427948957360723,0,,,0.0,0.0,2.7,2,1761926400,99.0,186,2,,,GA,False,1.0,UNITED STATES,False,1.0
3373990,vivor,GA,10,28,0.2857142857142857,0.27254919822077633,1.9,0.11890195164822877,0,,,0.0,0.05263157894736842,12.8,10,1761175800,34.9,44,10,GA,1.0,GA,False,1.0,UNITED STATES,False,1.0
1402044,Hakuza,GA,2,5,0.2,0.27122389893569915,1.5,0.1497420020639835,0,,,0.0,0.0,2.5,2,1760662800,33.0,37,2,,,GA,False,1.0,UNITED STATES,False,1.0
1739676,Pleeploploop,,8,22,0.2727272727272727,0.26523198032088974,12.625,0.09063992382942349,0,,,0.0,0.23809523809523808,10.2,8,1756425600,57.25,160,8,GA,1.0,GA,True,1.0,UNITED STATES,False,1.0
3640465,Sh33rZ,GA,20,55,0.2727272727272727,0.2609441895631656,6.05,0.1358670662953946,0,,,0.0,0.07142857142857142,25.5,20,1762477200,44.45,186,20,GA,1.0,GA,False,1.0,UNITED STATES,False,1.0
1699369,annamation,GA,12,33,0.2727272727272727,0.240892569476753,4.5,0.12065301249308844,0,,,0.0,0.08695652173913043,15.3,12,1760914800,35.75,160,12,GA,1.0,GA,False,1.0,UNITED STATES,False,1.0
4410422,kito,GA,2,5,0.2,0.2226103788965401,-30.0,0.03384215042109779,0,,,0.0,0.0,2.5,2,1761926400,118.0,186,2,,,GA,False,1.0,UNITED STATES,False,1.0
4938866,Surume,GA,10,24,0.16666666666666666,0.22238255695907064,7.0,0.1630991779261286,0,,,0.0,0.09523809523809523,12.4,10,1762216200,32.7,186,10,GA,1.0,GA,False,1.0,UNITED STATES,False,1.0
2737569,Lumin!,GA,4,10,0.2,0.2172951994402129,5.25,0.10170859578956862,0,,,0.0,0.0,5.0,3,1758470400,53.75,160,4,GA,1.0,GA,False,1.0,UNITED STATES,False,1.0
4064891,11D7,GA,4,10,0.2,0.20289613539030152,19.25,0.08204378461822495,0,,,0.0,0.2,5.0,4,1755216000,69.25,160,4,GA,1.0,GA,False,1.0,UNITED STATES,False,1.0
2411362,Krofusion,GA,2,5,0.2,0.19055428921252213,-4.5,0.04941298954456849,0,,,0.0,0.0,2.5,2,1761264000,40.0,43,2,,,GA,False,1.0,UNITED STATES,False,1.0
12761,Sanaito,GA,12,32,0.21875,0.15648861720315058,-3.4166666666666665,0.2998686686686677,0,,,0.0,0.29411764705882354,15.2,12,1761926400,34.416666666666664,186,12,GA,1.0,GA,False,1.0,UNITED STATES,False,1.0
4929526,Solstice,,6,15,0.2,0.15429880446277883,7.333333333333333,0.11452237522825758,0,,,0.0,0.23076923076923078,7.5,6,1761926400,45.5,186,6,GA,1.0,GA,True,1.0,UNITED STATES,False,1.0
1632443,Toasty,GA,3,7,0.14285714285714285,0.1452568862853311,4.0,0.10994468494468494,0,,,0.0,0.0,3.7,3,1753056000,33.666666666666664,44,3,GA,1.0,GA,False,1.0,UNITED STATES,False,1.0
4925354,NoobGamer,GA,4,9,0.1111111111111111,0.12336087344594442,2.75,0.13721856354835077,0,,,0.0,0.0,4.9,2,1761494400,36.75,59,4,GA,1.0,GA,False,1.0,UNITED STATES,False,1.0
534660,D.King79,GA,14,31,0.0967741935483871,0.10969534979065035,2.7857142857142856,0.10629755211637791,0,,,0.0,0.07142857142857142,17.1,13,1762477200,33.714285714285715,62,14,GA,1.0,GA,False,1.0,UNITED STATES,False,1.0
36418,Avalon,GA,14,32,0.125,0.10821155656637613,5.571428571428571,0.06054380167344175,0,,,0.0,0.08,17.2,14,1762477200,61.0,186,14,GA,1.0,GA,False,1.0,UNITED STATES,False,1.0
4764587,Chudquest,GA,4,9,0.1111111111111111,0.10389074579368467,6.5,0.15811372269705604,0,,,0.0,0.1111111111111111,4.9,4,1758844800,33.75,41,4,GA,1.0,GA,False,1.0,UNITED STATES,False,1.0
1648278,EdiblePine,GA,16,36,0.1111111111111111,0.09098883620194993,5.8125,0.07952562680363762,0,,,0.0,0.08571428571428572,19.6,16,1762477200,39.5,62,16,GA,1.0,GA,False,1.0,UNITED STATES,False,1.0
876854,Robi,GA,2,4,0.0,0.0,-37.0,0.07093450028232637,0,,,0.0,0.0,2.4,2,1761926400,102.0,186,2,,,GA,False,1.0,UNITED STATES,False,1.0
4334938,sylvie,GA,1,2,0.0,0.0,5.0,0.05708245243128964,0,,,0.0,0.0,1.2,1,1755446400,57.0,57,1,,,GA,False,1.0,UNITED STATES,False,1.0
4923934,Sage of Fire 313,GA,1,2,0.0,0.0,10.0,0.03787878787878788,0,,,0.0,0.0,1.2,1,1755216000,43.0,43,1,,,GA,False,1.0,UNITED STATES,False,1.0
4890718,LittleMac9494,GA,2,4,0.0,0.0,10.0,0.03945953290635788,0,,,0.0,0.0,2.4,2,1755216000,43.5,44,2,,,GA,False,1.0,UNITED STATES,False,1.0
4506739,Simfrm,GA,2,4,0.0,0.0,5.5,0.04597535505430242,0,,,0.0,0.0,2.4,2,1753401600,44.0,44,2,,,GA,False,1.0,UNITED STATES,False,1.0
4331091,Acronix,GA,1,2,0.0,0.0,6.0,0.04423076923076923,0,,,0.0,0.0,1.2,1,1753401600,44.0,44,1,,,GA,False,1.0,UNITED STATES,False,1.0
2729718,Y0ungApprentice,GA,1,2,0.0,0.0,-15.0,0.05119047619047619,0,,,0.0,0.0,1.2,1,1753545600,37.0,37,1,,,GA,False,1.0,UNITED STATES,False,1.0
4308428,AjaxAnonymous,GA,2,4,0.0,0.0,10.5,0.07786796536796536,0,,,0.0,0.0,2.4,2,1754006400,53.0,62,2,,,GA,False,1.0,UNITED STATES,False,1.0
343463,Kattoro,GA,1,2,0.0,0.0,10.0,0.09649122807017543,0,,,0.0,0.0,1.2,1,1754006400,62.0,62,1,,,GA,False,1.0,UNITED STATES,False,1.0
904449,Raymond,GA,1,2,0.0,0.0,3.0,0.04957264957264958,0,,,0.0,0.0,1.2,1,1754006400,62.0,62,1,,,GA,False,1.0,UNITED STATES,False,1.0
2331696,3AM,GA,1,2,0.0,0.0,2.0,0.046583850931677016,0,,,0.0,0.0,1.2,1,1754006400,62.0,62,1,,,GA,False,1.0,UNITED STATES,False,1.0
3709056,Haps_idot,GA,1,2,0.0,0.0,-1.0,0.03961584633853541,0,,,0.0,0.0,1.2,1,1754006400,62.0,62,1,,,GA,False,1.0,UNITED STATES,False,1.0
3254098,Wyndeezi,GA,1,2,0.0,0.0,19.0,0.011833532774896956,0,,,0.0,0.0,1.2,1,1754150400,160.0,160,1,,,GA,False,1.0,UNITED STATES,False,1.0
1504459,Scrib,GA,1,2,0.0,0.0,17.0,0.011546758025631265,0,,,0.0,0.0,1.2,1,1754150400,160.0,160,1,,,GA,False,1.0,UNITED STATES,False,1.0
1512632,Chrysalis,GA,3,6,0.0,0.0,0.0,0.052909918969594266,0,,,0.0,0.0,3.6,3,1754150400,80.66666666666667,160,3,GA,1.0,GA,False,1.0,UNITED STATES,False,1.0
34781,cardd,GA,1,2,0.0,0.0,-33.0,0.01927463503649635,0,,,0.0,0.0,1.2,1,1754150400,160.0,160,1,,,GA,False,1.0,UNITED STATES,False,1.0
4449496,Daddy,GA,2,4,0.0,0.0,6.5,0.3260233918128655,0,,,0.0,0.0,2.4,1,1761494400,37.5,59,2,,,GA,False,1.0,UNITED STATES,False,1.0
4300811,Vermelho,GA,5,10,0.0,0.0,3.8,0.19985965931087882,0,,,0.0,0.0,6.0,5,1761494400,32.6,59,5,GA,1.0,GA,False,1.0,UNITED STATES,False,1.0
3357233,Fruity Bourbon,GA,1,2,0.0,0.0,0.0,0.041666666666666664,0,,,0.0,0.0,1.2,1,1761494400,59.0,59,1,,,GA,False,1.0,UNITED STATES,False,1.0
4449506,Nicholas,GA,2,4,0.0,0.0,5.5,0.20283882783882784,0,,,0.0,0.0,2.4,1,1761494400,37.5,59,2,,,GA,False,1.0,UNITED STATES,False,1.0
5027886,Prof.X1,GA,1,2,0.0,0.0,51.0,0.011493506493506493,0,,,0.0,0.0,1.2,1,1761926400,186.0,186,1,,,GA,False,1.0,UNITED STATES,False,1.0
5025511,Heaven._.woah,GA,1,2,0.0,0.0,50.0,0.01146076146076146,0,,,0.0,0.0,1.2,1,1761926400,186.0,186,1,,,GA,False,1.0,UNITED STATES,False,1.0
5025509,Vakuma,GA,1,2,0.0,0.0,49.0,0.011431154740377163,0,,,0.0,0.0,1.2,1,1761926400,186.0,186,1,,,GA,False,1.0,UNITED STATES,False,1.0
5009046,Zay2Amazing,GA,1,2,0.0,0.0,47.0,0.01007908950617284,0,,,0.0,0.0,1.2,1,1761926400,186.0,186,1,,,GA,False,1.0,UNITED STATES,False,1.0
1385225,Torin,GA,1,2,0.0,0.0,45.0,0.009992350353796137,0,,,0.0,0.0,1.2,1,1761926400,186.0,186,1,,,GA,False,1.0,UNITED STATES,False,1.0
1945538,Dannink,GA,1,2,0.0,0.0,44.0,0.00974025974025974,0,,,0.0,0.0,1.2,1,1761926400,186.0,186,1,,,GA,False,1.0,UNITED STATES,False,1.0
3327119,girlfeet,GA,1,2,0.0,0.0,42.0,0.009545296771954183,0,,,0.0,0.0,1.2,1,1761926400,186.0,186,1,,,GA,False,1.0,UNITED STATES,False,1.0
4208484,GanonIsBad,GA,1,2,0.0,0.0,40.0,0.00981404958677686,0,,,0.0,0.0,1.2,1,1761926400,186.0,186,1,,,GA,False,1.0,UNITED STATES,False,1.0
1891955,Grungle,GA,1,2,0.0,0.0,-1.0,0.056818181818181816,0,,,0.0,0.0,1.2,1,1760216400,33.0,33,1,,,GA,False,1.0,UNITED STATES,False,1.0
4791379,Sway,GA,1,2,0.0,0.0,8.0,0.0375,0,,,0.0,0.0,1.2,1,1752796800,44.0,44,1,,,GA,False,1.0,UNITED STATES,False,1.0
2058018,madmix2001,GA,1,2,0.0,0.0,7.0,0.055714285714285716,0,,,0.0,0.0,1.2,1,1752796800,44.0,44,1,,,GA,False,1.0,UNITED STATES,False,1.0
1679262,JayMelon,GA,1,2,0.0,0.0,5.0,0.04976851851851852,0,,,0.0,0.0,1.2,1,1752796800,44.0,44,1,,,GA,False,1.0,UNITED STATES,False,1.0
3634027,Rem,GA,1,2,0.0,0.0,-9.0,0.044563279857397504,0,,,0.0,,1.2,1,1753545600,37.0,37,1,,,GA,False,1.0,UNITED STATES,False,1.0
3687276,Wolfie,GA,1,2,0.0,0.0,15.0,0.009633112094395279,0,,,0.0,0.0,1.2,1,1761926400,186.0,186,1,,,GA,False,1.0,UNITED STATES,False,1.0
3921110,eji.kthxbai,GA,1,2,0.0,0.0,13.0,0.009666975023126734,0,,,0.0,0.0,1.2,1,1761926400,186.0,186,1,,,GA,False,1.0,UNITED STATES,False,1.0
1472387,xXx_ItsFerrni_xXx,GA,1,2,0.0,0.0,11.0,0.009708286882199926,0,,,0.0,0.0,1.2,1,1761926400,186.0,186,1,,,GA,False,1.0,UNITED STATES,False,1.0
5034760,Leafide,GA,1,2,0.0,0.0,54.0,0.02659349936682144,0,,,0.0,0.0,1.2,1,1761926400,186.0,186,1,,,GA,False,1.0,UNITED STATES,False,1.0
2720866,yoshen,GA,2,4,0.0,0.0,-16.0,0.056952202105803804,0,,,0.0,0.0,2.4,2,1761926400,100.5,186,2,,,GA,False,1.0,UNITED STATES,False,1.0
4951161,CoolCesar99,GA,1,2,0.0,0.0,8.0,0.0375,0,,,0.0,0.0,1.2,1,1756666800,41.0,41,1,,,GA,False,1.0,UNITED STATES,False,1.0
4945168,RenegadeRaider,GA,1,2,0.0,0.0,4.0,0.04563492063492063,0,,,0.0,0.0,1.2,1,1756666800,41.0,41,1,,,GA,False,1.0,UNITED STATES,False,1.0
4522381,Linkxs,GA,1,2,0.0,0.0,2.0,0.0375,0,,,0.0,0.0,1.2,1,1756666800,41.0,41,1,,,GA,False,1.0,UNITED STATES,False,1.0
2957113,Carracoastal,GA,2,4,0.0,0.0,5.0,0.10384615384615385,0,,,0.0,0.0,2.4,2,1755820800,35.0,40,2,,,GA,False,1.0,UNITED STATES,False,1.0
3701930,Instant_Regret,GA,1,2,0.0,0.0,39.0,0.009784644194756553,0,,,0.0,0.0,1.2,1,1761926400,186.0,186,1,,,GA,False,1.0,UNITED STATES,False,1.0
3752161,Rest Assured,GA,1,2,0.0,0.0,37.0,0.009731793630098715,0,,,0.0,0.0,1.2,1,1761926400,186.0,186,1,,,GA,False,1.0,UNITED STATES,False,1.0
3621093,SMASHKING786,GA,1,2,0.0,0.0,33.0,0.009649122807017543,0,,,0.0,0.0,1.2,1,1761926400,186.0,186,1,,,GA,False,1.0,UNITED STATES,False,1.0
3116186,Blitzen,GA,1,3,0.0,0.0,27.0,0.01288996824210723,0,,,0.0,0.0,1.3,1,1761926400,186.0,186,1,,,GA,False,1.0,UNITED STATES,False,1.0
2683940,Casiomiah,GA,1,2,0.0,0.0,4.0,0.05185185185185185,0,,,0.0,0.0,1.2,1,1761404400,43.0,43,1,,,GA,False,1.0,UNITED STATES,False,1.0
1038679,Lethal Febreze,GA,1,2,0.0,0.0,-2.0,0.03787878787878788,0,,,0.0,0.0,1.2,1,1761404400,43.0,43,1,,,GA,False,1.0,UNITED STATES,False,1.0
516454,KevinwithaK,GA,1,2,0.0,0.0,1.0,0.04397163120567376,0,,,0.0,0.0,1.2,1,1761868800,50.0,50,1,,,GA,False,1.0,UNITED STATES,False,1.0
5042897,Mikaiyo,GA,1,2,0.0,0.0,56.0,0.011706349206349206,0,,,0.0,0.0,1.2,1,1761926400,186.0,186,1,,,GA,False,1.0,UNITED STATES,False,1.0
4942794,too cute,GA,1,2,0.0,0.0,-2.0,0.03777777777777778,0,,,0.0,0.0,1.2,1,1756656000,51.0,51,1,,,GA,False,1.0,UNITED STATES,False,1.0
4932878,Greenflaming0,GA,1,2,0.0,0.0,11.0,0.037698412698412696,0,,,0.0,0.0,1.2,1,1756656000,51.0,51,1,,,GA,False,1.0,UNITED STATES,False,1.0
4343297,Reco,GA,1,2,0.0,0.0,10.0,0.03701298701298701,0,,,0.0,0.0,1.2,1,1756656000,51.0,51,1,,,GA,False,1.0,UNITED STATES,False,1.0
4772117,Amyx,GA,1,2,0.0,0.0,6.0,0.04423076923076923,0,,,0.0,0.0,1.2,1,1756425600,39.0,39,1,,,GA,False,1.0,UNITED STATES,False,1.0
1804488,Ghost,GA,1,2,0.0,0.0,5.0,0.04976851851851852,0,,,0.0,0.0,1.2,1,1756425600,39.0,39,1,,,GA,False,1.0,UNITED STATES,False,1.0
4067652,V0k,GA,1,2,0.0,0.0,9.0,0.03807471264367816,0,,,0.0,0.0,1.2,1,1761404400,43.0,43,1,,,GA,False,1.0,UNITED STATES,False,1.0
