player_id,gamer_tag,state,events_played,sets_played,win_rate,weighted_win_rate,avg_seed_delta,opponent_strength,character_sets,character_win_rate,character_weighted_win_rate,character_usage_rate,upset_rate,activity_score,tournaments_played,latest_event_start,avg_event_entrants,max_event_entrants,events_with_known_state,inferred_state,inferred_state_confidence,home_state,home_state_inferred,home_state_confidence
427989,NOMAR,GA,6,35,0.9142857142857143,0.9055395016299075,0.3333333333333333,0.2837705385184377,0,,,0.0,0.8,9.5,6,1759968000,27.166666666666668,39,6,GA,1.0,GA,False,1.0
688460,JJBREEZE,GA,14,85,0.7764705882352941,0.7774239901969493,-0.35714285714285715,0.2990655094939819,0,,,0.0,0.46153846153846156,22.5,14,1759968000,24.357142857142858,39,14,GA,1.0,GA,False,1.0
724224,Genghis D0n,GA,5,31,0.7741935483870968,0.7566102542911396,0.0,0.3360753941399103,0,,,0.0,0.4,8.1,5,1759363200,24.0,39,5,GA,1.0,GA,False,1.0
320361,Shvmir,GA,1,8,0.75,0.7499999999999999,7.0,0.2496808143547274,0,,,0.0,0.7142857142857143,1.8,1,1758405600,29.0,29,1,GA,1.0,GA,False,1.0
3809706,LogieBear,GA,5,30,0.7333333333333333,0.723995343363978,11.8,0.3233291855468267,0,,,0.0,0.6363636363636364,8.0,5,1759006800,22.2,39,5,GA,1.0,GA,False,1.0
541397,ohitshutch,GA,1,7,0.7142857142857143,0.7142857142857142,3.0,0.28934755720470007,0,,,0.0,0.3333333333333333,1.7000000000000002,1,1760220000,13.0,13,1,GA,1.0,GA,False,1.0
150402,Pokchop,GA,12,60,0.7333333333333333,0.7111013851222197,-0.45454545454545453,0.2616219265535182,0,,,0.0,0.3,18.0,12,1759968000,21.833333333333332,39,12,GA,1.0,GA,False,1.0
2774889,Rel,,5,26,0.6923076923076923,0.6874528830637084,-0.6,0.17984640152377135,0,,,0.0,0.4,7.6,5,1756944000,27.0,39,5,GA,1.0,GA,True,1.0
3570019,BRUHnana,GA,1,6,0.6666666666666666,0.6666666666666667,13.0,0.10444261620732209,0,,,0.0,0.6666666666666666,1.6,1,1755378000,18.0,18,1,GA,1.0,GA,False,1.0
2877248,Smoochie,GA,1,6,0.6666666666666666,0.6666666666666666,11.0,0.16936813186813188,0,,,0.0,0.6,1.6,1,1759363200,21.0,21,1,GA,1.0,GA,False,1.0
2478267,MeanestPeen,,1,6,0.6666666666666666,0.6666666666666666,12.0,0.14439386865857454,0,,,0.0,0.6,1.6,1,1756339200,28.0,28,1,GA,1.0,GA,True,1.0
1706244,Sativicaa,,6,33,0.6363636363636364,0.6387618491081428,0.6666666666666666,0.376792048531179,0,,,0.0,0.4117647058823529,9.3,6,1758848400,25.333333333333332,39,6,GA,1.0,GA,True,1.0
924041,duetosideeffects,GA,10,53,0.6415094339622641,0.637721392767237,-1.5,0.25799003652055486,0,,,0.0,0.4375,15.3,10,1759968000,24.8,39,10,GA,1.0,GA,False,1.0
4076327,KhalRhaego,GA,18,89,0.6179775280898876,0.6299193190678739,-0.3333333333333333,0.2611735841542062,0,,,0.0,0.4375,26.9,18,1760220000,22.444444444444443,39,18,GA,1.0,GA,False,1.0
267007,SLAYlor Moon,GA,4,21,0.6190476190476191,0.6198824636444238,8.75,0.1317945052417102,0,,,0.0,0.5625,6.1,4,1758405600,28.5,35,4,GA,1.0,GA,False,1.0
298731,Static,,2,10,0.6,0.6113503114256864,6.0,0.21892857142857142,0,,,0.0,0.5,3.0,2,1753315200,19.0,22,2,GA,1.0,GA,True,1.0
2228539,blitz,GA,4,20,0.6,0.6013940126063478,9.0,0.14999789971810096,0,,,0.0,0.5294117647058824,6.0,4,1759363200,23.25,31,4,GA,1.0,GA,False,1.0
1042436,O.N.2,GA,10,45,0.6,0.6007531991195759,-0.8888888888888888,0.25283460311530487,0,,,0.0,0.25,14.5,10,1760144400,22.6,39,10,GA,1.0,GA,False,1.0
4932619,Chris,,1,5,0.6,0.6000000000000001,4.0,0.32984848484848484,0,,,0.0,0.3333333333333333,1.5,1,1755738000,14.0,14,1,GA,1.0,GA,True,1.0
1920466,crispybiscuit,,1,5,0.6,0.6,6.0,0.575,0,,,0.0,0.6,1.5,1,1755734400,15.0,15,1,GA,1.0,GA,True,1.0
1025486,Kuugo,,1,5,0.6,0.6,0.0,0.15562435500515995,0,,,0.0,0.0,1.5,1,1758153600,25.0,25,1,GA,1.0,GA,True,1.0
4020750,Slash,GA,1,5,0.6,0.5999999999999999,1.0,0.07304485852311939,0,,,0.0,0.0,1.5,1,1756683000,35.0,35,1,GA,1.0,GA,False,1.0
390270,NinjaLuis,GA,1,5,0.6,0.5999999999999999,2.0,0.25689655172413794,0,,,0.0,0.5,1.5,1,1756683000,35.0,35,1,GA,1.0,GA,False,1.0
730420,LOL!,GA,2,10,0.6,0.5999999999999999,0.0,0.214478021978022,0,,,0.0,0.0,3.0,2,1760220000,15.5,18,2,GA,1.0,GA,False,1.0
263559,Lil Capped,GA,1,5,0.6,0.5999999999999999,6.0,0.26857142857142857,0,,,0.0,0.6,1.5,1,1758848400,11.0,11,1,GA,1.0,GA,False,1.0
2703555,Rated R,,1,5,0.6,0.5999999999999999,20.0,0.10227234753550543,0,,,0.0,0.6,1.5,1,1756683000,35.0,35,1,GA,1.0,GA,True,1.0
36643,Abstract,GA,2,10,0.6,0.5968718860610354,2.5,0.28954545454545455,0,,,0.0,0.42857142857142855,3.0,2,1755734400,18.5,22,2,GA,1.0,GA,False,1.0
1104452,slaughterwall,GA,7,33,0.5757575757575758,0.595084592139112,2.5714285714285716,0.21600514005805307,0,,,0.0,0.375,10.3,7,1759968000,24.428571428571427,39,7,GA,1.0,GA,False,1.0
1829744,HEAVENER,GA,3,14,0.5714285714285714,0.5793807718928476,4.333333333333333,0.11071080611936428,0,,,0.0,0.3333333333333333,4.4,3,1758405600,28.0,31,3,GA,1.0,GA,False,1.0
2228433,BlackHeart,GA,3,14,0.5714285714285714,0.5710518429518334,0.0,0.06487802254106602,0,,,0.0,0.3333333333333333,4.4,3,1756944000,34.0,39,3,GA,1.0,GA,False,1.0
3901259,Aneubys,GA,5,23,0.5652173913043478,0.5686659991572565,3.4,0.16868441597899708,0,,,0.0,0.45454545454545453,7.300000000000001,5,1759968000,29.6,39,5,GA,1.0,GA,False,1.0
146905,juice,GA,8,38,0.5789473684210527,0.5683656584059387,2.0,0.24679792416980784,8,0.375,0.3487534086847374,0.21052631578947367,0.42857142857142855,11.8,8,1759968000,24.125,39,8,GA,1.0,GA,False,1.0
3927021,toties,GA,2,9,0.5555555555555556,0.5628097367185795,7.0,0.1145410195141378,0,,,0.0,0.5,2.9,2,1756683000,28.5,35,2,GA,1.0,GA,False,1.0
4102348,Luff,GA,5,23,0.5652173913043478,0.5551456001179249,1.6,0.41127501725327814,0,,,0.0,0.38461538461538464,7.300000000000001,3,1760301000,9.0,18,5,GA,1.0,GA,False,1.0
4285541,Iso.Dgaf,GA,15,67,0.5522388059701493,0.5541014857932626,-1.4666666666666666,0.1537538048783575,0,,,0.0,0.14285714285714285,21.7,15,1760220000,23.8,39,15,GA,1.0,GA,False,1.0
2363656,Jet Dayo,,5,21,0.5238095238095238,0.5449730539275969,7.6,0.1305666040186164,0,,,0.0,0.4375,7.1,5,1759968000,27.0,31,5,GA,1.0,GA,True,1.0
3722235,Globberman,GA,2,9,0.5555555555555556,0.5440029363088481,12.0,0.15255392755392755,0,,,0.0,0.42857142857142855,2.9,2,1756944000,26.5,39,2,GA,1.0,GA,False,1.0
1528477,Cpain20,GA,2,9,0.5555555555555556,0.5427992822052078,6.0,0.34945286195286196,0,,,0.0,0.5714285714285714,2.9,2,1760220000,15.5,18,2,GA,1.0,GA,False,1.0
2926943,evosel,GA,3,13,0.5384615384615384,0.5417026298372715,2.0,0.12026644122467921,0,,,0.0,0.14285714285714285,4.3,3,1758405600,31.0,39,3,GA,1.0,GA,False,1.0
260407,InIt2WynneIt,GA,9,39,0.5384615384615384,0.5407610227144461,1.0,0.20439427111926775,0,,,0.0,0.16666666666666666,12.9,9,1759968000,24.22222222222222,39,9,GA,1.0,GA,False,1.0
609621,TheJestur,,2,9,0.5555555555555556,0.5149562014392121,-1.5,0.328663620330287,0,,,0.0,0.0,2.9,2,1760220000,15.5,18,2,GA,1.0,GA,True,1.0
1112189,StrataJay,GA,8,27,0.48148148148148145,0.5010188157517054,-2.5714285714285716,0.18925677828183274,0,,,0.0,0.2,10.7,8,1760144400,20.625,31,8,GA,1.0,GA,False,1.0
368352,ToastyATL,GA,2,8,0.5,0.5000000000000001,3.5,0.09657651935877742,0,,,0.0,0.25,2.8,2,1758153600,28.0,31,2,GA,1.0,GA,False,1.0
4091753,MontanaY2J,GA,1,4,0.5,0.5,16.0,0.2864072712418301,0,,,0.0,0.5,1.4,1,1756683000,35.0,35,1,GA,1.0,GA,False,1.0
625905,Hands,GA,1,4,0.5,0.5,-5.0,0.0957086017430845,0,,,0.0,,1.4,1,1758405600,29.0,29,1,GA,1.0,GA,False,1.0
4395697,Cloud9Savage,GA,2,8,0.5,0.5,15.0,0.0775016585581601,0,,,0.0,0.6666666666666666,2.8,2,1756944000,33.5,39,2,GA,1.0,GA,False,1.0
2794623,bussdowncelery,GA,1,4,0.5,0.5,1.0,0.3630050505050505,0,,,0.0,0.0,1.4,1,1758848400,11.0,11,1,GA,1.0,GA,False,1.0
1384726,HiroATL,GA,1,4,0.5,0.5,8.0,0.06758304195804196,0,,,0.0,0.3333333333333333,1.4,1,1759968000,29.0,29,1,GA,1.0,GA,False,1.0
4780181,Xyylias,GA,1,4,0.5,0.5,13.0,0.12756410256410255,0,,,0.0,0.3333333333333333,1.4,1,1756683000,35.0,35,1,GA,1.0,GA,False,1.0
4932624,Tim,,1,4,0.5,0.5,-1.0,0.17302489177489178,1,0.0,0.0,0.25,0.0,1.4,1,1755738000,14.0,14,1,GA,1.0,GA,True,1.0
4888190,Crunchii,,1,4,0.5,0.5,1.0,0.33134920634920634,0,,,0.0,0.0,1.4,1,1753315200,15.0,15,1,GA,1.0,GA,True,1.0
2011920,Equivox,GA,1,4,0.5,0.5,8.0,0.13294956140350878,0,,,0.0,0.3333333333333333,1.4,1,1753315200,22.0,22,1,GA,1.0,GA,False,1.0
1496863,ctrikz,,1,4,0.5,0.5,1.0,0.3362193362193362,0,,,0.0,0.0,1.4,1,1754524800,12.0,12,1,GA,1.0,GA,True,1.0
3943806,Armanisaint,GA,11,45,0.5111111111111111,0.49953751324800477,-0.7272727272727273,0.22599489291302158,0,,,0.0,0.3333333333333333,15.5,11,1759968000,23.727272727272727,39,11,GA,1.0,GA,False,1.0
482535,Sereni,,3,13,0.5384615384615384,0.49606326168832265,2.6666666666666665,0.1568602779478111,0,,,0.0,0.3333333333333333,4.3,3,1757548800,24.666666666666668,31,3,GA,1.0,GA,True,1.0
907329,Greed,GA,5,20,0.5,0.49534188427704906,0.4,0.14728664604309147,0,,,0.0,0.1,7.0,5,1759968000,27.8,39,5,GA,1.0,GA,False,1.0
4443794,Buddy3k,GA,4,15,0.4666666666666667,0.4651543764373402,2.0,0.2554704554704555,0,,,0.0,0.16666666666666666,5.5,4,1758848400,16.0,24,4,GA,1.0,GA,False,1.0
2894467,Nurikami,GA,4,12,0.5,0.456990860741904,-0.3333333333333333,0.17509411884411885,0,,,0.0,0.0,5.2,4,1760144400,10.75,15,4,GA,1.0,GA,False,1.0
223776,REMY,GA,2,7,0.42857142857142855,0.44958774492430403,4.0,0.3758877288289053,0,,,0.0,0.2,2.7,2,1758405600,22.0,29,2,GA,1.0,GA,False,1.0
541222,Foam Root,GA,2,7,0.42857142857142855,0.42979538459817285,0.5,0.3773809523809524,0,,,0.0,0.3333333333333333,2.7,2,1759006800,11.5,18,2,GA,1.0,GA,False,1.0
173899,dertdobber,GA,6,21,0.42857142857142855,0.42453800374321365,0.0,0.3460884353741497,0,,,0.0,0.4166666666666667,8.1,5,1760392800,8.666666666666666,18,6,GA,1.0,GA,False,1.0
469002,Myk_JUMP,GA,7,23,0.391304347826087,0.420245519551305,-1.5714285714285714,0.15204837109095978,0,,,0.0,0.0,9.3,7,1759968000,23.857142857142858,39,7,GA,1.0,GA,False,1.0
427983,REHOO,GA,6,21,0.42857142857142855,0.4177807949925374,-0.16666666666666666,0.1461694239007451,0,,,0.0,0.18181818181818182,8.1,6,1759968000,27.166666666666668,39,6,GA,1.0,GA,False,1.0
338020,Yugo,GA,3,10,0.4,0.4072099084371492,5.333333333333333,0.18095238095238095,0,,,0.0,0.25,4.0,3,1758405600,26.666666666666668,35,3,GA,1.0,GA,False,1.0
3426567,HBKdoza,GA,5,18,0.4444444444444444,0.40297393217877436,1.4,0.1816043010487455,0,,,0.0,0.18181818181818182,6.8,5,1759968000,29.4,39,5,GA,1.0,GA,False,1.0
592139,BlazingFox,,2,6,0.3333333333333333,0.3848249887267544,2.5,0.2081908831908832,0,,,0.0,0.25,2.6,2,1760220000,15.5,18,2,GA,1.0,GA,True,1.0
3444743,Azarlith,,5,16,0.375,0.3844753578425159,-0.4,0.1599387754810549,0,,,0.0,0.2222222222222222,6.6,5,1759363200,25.8,39,5,GA,1.0,GA,True,1.0
779164,Midira,GA,2,7,0.42857142857142855,0.3596596415130747,1.0,0.12115846338535415,0,,,0.0,0.75,2.7,2,1760220000,15.5,18,2,GA,1.0,GA,False,1.0
874463,Macho_Franchise,GA,5,15,0.3333333333333333,0.35544662677720473,0.6,0.13358497186083393,0,,,0.0,0.4444444444444444,6.5,5,1760220000,22.6,39,5,GA,1.0,GA,False,1.0
3449672,SatsuiNoGoku,GA,1,3,0.3333333333333333,0.33333333333333337,4.0,0.06868022328548644,0,,,0.0,0.5,1.3,1,1756339200,28.0,28,1,GA,1.0,GA,False,1.0
4951110,Bleachedbagel,GA,1,3,0.3333333333333333,0.33333333333333337,6.0,0.19869281045751633,0,,,0.0,0.0,1.3,1,1756683000,35.0,35,1,GA,1.0,GA,False,1.0
4943891,CPU,,1,3,0.3333333333333333,0.33333333333333337,10.0,0.09154040404040403,0,,,0.0,0.3333333333333333,1.3,1,1756339200,28.0,28,1,GA,1.0,GA,True,1.0
4942649,Paretk,,1,3,0.3333333333333333,0.33333333333333337,2.0,0.14641488779419815,0,,,0.0,0.5,1.3,1,1756683000,35.0,35,1,GA,1.0,GA,True,1.0
1232271,Murasaki Cho,GA,1,3,0.3333333333333333,0.33333333333333337,2.0,0.1053030303030303,0,,,0.0,0.0,1.3,1,1753315200,15.0,15,1,GA,1.0,GA,False,1.0
4912998,NoBrainer,GA,1,3,0.3333333333333333,0.33333333333333337,-1.0,0.37516339869281046,0,,,0.0,0.0,1.3,1,1756683000,35.0,35,1,GA,1.0,GA,False,1.0
4887226,AK,GA,1,3,0.3333333333333333,0.33333333333333337,3.0,0.18333333333333335,0,,,0.0,0.3333333333333333,1.3,1,1753315200,15.0,15,1,GA,1.0,GA,False,1.0
1230555,Sakruoi,GA,1,3,0.3333333333333333,0.33333333333333337,2.0,0.2037037037037037,0,,,0.0,0.3333333333333333,1.3,1,1753315200,15.0,15,1,GA,1.0,GA,False,1.0
4757730,Thepreparedartist,GA,1,3,0.3333333333333333,0.33333333333333337,5.0,0.10173160173160173,0,,,0.0,0.3333333333333333,1.3,1,1756683000,35.0,35,1,GA,1.0,GA,False,1.0
2584378,Risan.The0utsider_36,GA,1,3,0.3333333333333333,0.33333333333333337,8.0,0.08888888888888889,0,,,0.0,0.3333333333333333,1.3,1,1756683000,35.0,35,1,GA,1.0,GA,False,1.0
4888205,Tim,,1,3,0.3333333333333333,0.33333333333333337,4.0,0.1976190476190476,0,,,0.0,0.3333333333333333,1.3,1,1753315200,15.0,15,1,GA,1.0,GA,True,1.0
3481864,assclapFGC,GA,1,3,0.3333333333333333,0.33333333333333337,5.0,0.20833333333333331,0,,,0.0,0.3333333333333333,1.3,1,1753315200,15.0,15,1,GA,1.0,GA,False,1.0
4951149,Shaggy,GA,1,3,0.3333333333333333,0.33333333333333337,7.0,0.052749719416386086,0,,,0.0,0.5,1.3,1,1756683000,35.0,35,1,GA,1.0,GA,False,1.0
4887443,REMY,GA,1,3,0.3333333333333333,0.3333333333333333,-2.0,0.07302188552188552,0,,,0.0,0.0,1.3,1,1753315200,22.0,22,1,GA,1.0,GA,False,1.0
544889,Sunset,GA,1,3,0.3333333333333333,0.3333333333333333,3.0,0.1976190476190476,0,,,0.0,0.3333333333333333,1.3,1,1755738000,14.0,14,1,GA,1.0,GA,False,1.0
1229067,Sid,GA,1,3,0.3333333333333333,0.3333333333333333,2.0,0.1164021164021164,0,,,0.0,0.0,1.3,1,1755738000,14.0,14,1,GA,1.0,GA,False,1.0
146751,BigBoss_DP,GA,1,3,0.3333333333333333,0.3333333333333333,-4.0,0.13194444444444445,0,,,0.0,0.0,1.3,1,1755378000,18.0,18,1,GA,1.0,GA,False,1.0
4202784,Squidneyy,GA,1,3,0.3333333333333333,0.3333333333333333,4.0,0.2222222222222222,0,,,0.0,0.3333333333333333,1.3,1,1758758400,17.0,17,1,GA,1.0,GA,False,1.0
1241955,Teahhasi,GA,1,3,0.3333333333333333,0.3333333333333333,10.0,0.09154040404040403,0,,,0.0,0.3333333333333333,1.3,1,1758405600,29.0,29,1,GA,1.0,GA,False,1.0
72218,Pazure,,1,3,0.3333333333333333,0.3333333333333333,8.0,0.07936507936507936,0,,,0.0,0.3333333333333333,1.3,1,1758405600,29.0,29,1,GA,1.0,GA,True,1.0
4932597,Divinity,,1,3,0.3333333333333333,0.3333333333333333,4.0,0.18333333333333335,0,,,0.0,0.3333333333333333,1.3,1,1755738000,14.0,14,1,GA,1.0,GA,True,1.0
1379919,JSH3LLZ,GA,1,3,0.3333333333333333,0.3333333333333333,-7.0,0.08944911297852474,0,,,0.0,,1.3,1,1755378000,18.0,18,1,GA,1.0,GA,False,1.0
4167883,Beasker,GA,1,3,0.3333333333333333,0.3333333333333333,6.0,0.26666666666666666,0,,,0.0,0.3333333333333333,1.3,1,1755734400,15.0,15,1,GA,1.0,GA,False,1.0
4345861,TimBob,GA,1,3,0.3333333333333333,0.3333333333333333,2.0,0.18518518518518517,0,,,0.0,0.5,1.3,1,1755378000,18.0,18,1,GA,1.0,GA,False,1.0
4956469,scum-xi,,1,3,0.3333333333333333,0.3333333333333333,10.0,0.139766081871345,0,,,0.0,0.3333333333333333,1.3,1,1756944000,39.0,39,1,GA,1.0,GA,True,1.0
893603,Mirize,GA,1,3,0.3333333333333333,0.3333333333333333,6.0,0.19498910675381265,0,,,0.0,0.0,1.3,1,1756944000,39.0,39,1,GA,1.0,GA,False,1.0
1563940,Stiah,GA,1,3,0.3333333333333333,0.3333333333333333,9.0,0.035634713054067894,0,,,0.0,0.5,1.3,1,1756944000,39.0,39,1,GA,1.0,GA,False,1.0
1627766,Limitless_GuNzZ,GA,1,3,0.3333333333333333,0.3333333333333333,1.0,0.1482628138974888,0,,,0.0,0.0,1.3,1,1759363200,21.0,21,1,GA,1.0,GA,False,1.0
3561899,finnickyfinn,,1,3,0.3333333333333333,0.3333333333333333,-4.0,0.0800438596491228,0,,,0.0,0.0,1.3,1,1759363200,21.0,21,1,GA,1.0,GA,True,1.0
4912576,HEAVANER,,3,9,0.3333333333333333,0.3333333333333333,1.3333333333333333,0.17185324422166526,0,,,0.0,0.3333333333333333,3.9,3,1759968000,21.0,29,3,GA,1.0,GA,True,1.0
3991446,BigCheese,,1,3,0.3333333333333333,0.3333333333333333,3.0,0.1102971102971103,0,,,0.0,0.0,1.3,1,1755738000,14.0,14,1,GA,1.0,GA,True,1.0
2261057,Hikensha,,1,3,0.3333333333333333,0.3333333333333333,6.0,0.1294871794871795,0,,,0.0,0.0,1.3,1,1759968000,29.0,29,1,GA,1.0,GA,True,1.0
2899057,Beans,GA,1,3,0.3333333333333333,0.3333333333333333,7.0,0.13675213675213677,0,,,0.0,0.3333333333333333,1.3,1,1759363200,21.0,21,1,GA,1.0,GA,False,1.0
612216,Momokins,GA,9,27,0.3333333333333333,0.3322887141563536,1.3333333333333333,0.13085006628823279,0,,,0.0,0.2777777777777778,11.7,9,1759968000,27.88888888888889,39,9,GA,1.0,GA,False,1.0
4622459,Bronzjo,GA,6,17,0.29411764705882354,0.29444552728219525,0.6666666666666666,0.15309705993096998,0,,,0.0,0.1,7.7,6,1759968000,24.166666666666668,31,6,GA,1.0,GA,False,1.0
1228856,C-2,GA,7,18,0.2222222222222222,0.23849091837363537,-3.0,0.1338601691898656,0,,,0.0,0.1111111111111111,8.8,7,1759968000,28.428571428571427,39,7,GA,1.0,GA,False,1.0
1130909,PrimeStone,GA,7,18,0.2222222222222222,0.2300813833103756,1.1428571428571428,0.254077844661995,0,,,0.0,0.16666666666666666,8.8,7,1759363200,25.857142857142858,39,7,GA,1.0,GA,False,1.0
4314131,Soku,GA,2,5,0.2,0.21568343368670392,7.0,0.07725647451963241,0,,,0.0,0.0,2.5,2,1756339200,26.0,28,2,GA,1.0,GA,False,1.0
228245,Romanova,GA,4,10,0.2,0.21477478495101654,-1.75,0.06499084249084248,0,,,0.0,0.16666666666666666,5.0,4,1758153600,29.25,39,4,GA,1.0,GA,False,1.0
4196044,HokutoNoCrawfish,GA,2,5,0.2,0.20598340081237268,2.5,0.0732991452991453,0,,,0.0,0.0,2.5,2,1758405600,27.0,29,2,GA,1.0,GA,False,1.0
4660025,WVSH,GA,2,5,0.2,0.202073240697147,7.0,0.15353896103896103,0,,,0.0,0.2,2.5,2,1758758400,24.0,31,2,GA,1.0,GA,False,1.0
1890427,100 Latinas,GA,7,17,0.17647058823529413,0.16906020370478736,-1.1428571428571428,0.1319741462993662,0,,,0.0,0.08333333333333333,8.7,7,1759968000,27.285714285714285,39,7,GA,1.0,GA,False,1.0
1995257,DirtyDan,GA,2,5,0.2,0.1576983743653051,1.0,0.19777777777777777,0,,,0.0,0.0,2.5,2,1760220000,15.5,18,2,GA,1.0,GA,False,1.0
897409,Hipster Lion,GA,6,13,0.07692307692307693,0.057191502318412094,1.5,0.06564685160002885,0,,,0.0,0.1111111111111111,7.3,6,1758405600,29.333333333333332,39,6,GA,1.0,GA,False,1.0
3511353,ItsManiBro,GA,1,2,0.0,0.0,-7.0,0.10989010989010989,0,,,0.0,0.0,1.2,1,1759363200,21.0,21,1,GA,1.0,GA,False,1.0
3202213,Bwlingiant,,1,2,0.0,0.0,0.0,0.3333333333333333,0,,,0.0,0.0,1.2,1,1759696200,8.0,8,1,GA,1.0,GA,True,1.0
1636821,PesciFights,GA,1,2,0.0,0.0,-1.0,0.07555555555555556,0,,,0.0,0.0,1.2,1,1759968000,29.0,29,1,GA,1.0,GA,False,1.0
2421080,Toemes,,1,2,0.0,0.0,1.0,0.09316770186335403,0,,,0.0,0.0,1.2,1,1759968000,29.0,29,1,GA,1.0,GA,True,1.0
548064,Evernight,GA,2,4,0.0,0.0,-4.5,0.10779671717171717,0,,,0.0,0.0,2.4,2,1760220000,15.5,18,2,GA,1.0,GA,False,1.0
3508118,Savage,GA,1,2,0.0,0.0,1.0,0.17142857142857143,0,,,0.0,0.0,1.2,1,1760220000,13.0,13,1,GA,1.0,GA,False,1.0
3583587,IcePac,GA,1,2,0.0,0.0,-1.0,0.1388888888888889,0,,,0.0,0.0,1.2,1,1760220000,13.0,13,1,GA,1.0,GA,False,1.0
1601885,Juynni,GA,2,4,0.0,0.0,2.5,0.09726107226107226,0,,,0.0,0.0,2.4,2,1759968000,25.5,29,2,GA,1.0,GA,False,1.0
1239045,YoungTaco,GA,3,6,0.0,0.0,1.6666666666666667,0.10992063492063492,0,,,0.0,0.0,3.6,3,1759968000,22.0,29,3,GA,1.0,GA,False,1.0
4981273,IlloriVice,GA,4,8,0.0,0.0,3.25,0.15188492063492062,0,,,0.0,0.0,4.8,4,1759363200,23.0,29,4,GA,1.0,GA,False,1.0
5002259,down4,,1,2,0.0,0.0,2.0,0.09126984126984126,0,,,0.0,0.0,1.2,1,1759363200,21.0,21,1,GA,1.0,GA,True,1.0
4956245,Cesh,GA,1,2,0.0,0.0,-5.0,0.04129129129129129,0,,,0.0,0.0,1.2,1,1756944000,39.0,39,1,GA,1.0,GA,False,1.0
4981523,88thSpade,,1,2,0.0,0.0,6.0,0.08846153846153847,0,,,0.0,0.0,1.2,1,1758153600,25.0,25,1,GA,1.0,GA,True,1.0
4530151,SpaceSong,GA,2,4,0.0,0.0,0.0,0.10476190476190476,0,,,0.0,0.0,2.4,2,1757548800,29.5,31,2,GA,1.0,GA,False,1.0
3442605,Playmanji,GA,1,2,0.0,0.0,3.0,0.14166666666666666,0,,,0.0,0.0,1.2,1,1757548800,31.0,31,1,GA,1.0,GA,False,1.0
957192,Spiral,GA,2,4,0.0,0.0,-1.0,0.13707564365459102,0,,,0.0,0.0,2.4,2,1757548800,23.0,31,2,GA,1.0,GA,False,1.0
1400524,Oni_Shogi,GA,3,6,0.0,0.0,-4.333333333333333,0.06525341130604288,0,,,0.0,0.0,3.6,3,1756944000,34.0,39,3,GA,1.0,GA,False,1.0
172838,SubtleFraudulence,GA,1,2,0.0,0.0,3.0,0.08846153846153847,0,,,0.0,0.0,1.2,1,1758153600,25.0,25,1,GA,1.0,GA,False,1.0
4972213,FFonFFon,GA,1,2,0.0,0.0,0.0,0.14583333333333331,0,,,0.0,0.0,1.2,1,1758848400,11.0,11,1,GA,1.0,GA,False,1.0
4125846,MILLANO,,1,2,0.0,0.0,2.0,0.14583333333333331,0,,,0.0,0.0,1.2,1,1758848400,11.0,11,1,GA,1.0,GA,True,1.0
4985499,88thSpade,,1,2,0.0,0.0,2.0,0.09126984126984126,0,,,0.0,0.0,1.2,1,1758405600,29.0,29,1,GA,1.0,GA,True,1.0
4463741,OgMadara92,,1,2,0.0,0.0,-5.0,0.05570291777188329,0,,,0.0,0.0,1.2,1,1758405600,29.0,29,1,GA,1.0,GA,True,1.0
4986079,YoungUko,,1,2,0.0,0.0,-1.0,0.07555555555555556,0,,,0.0,0.0,1.2,1,1758405600,29.0,29,1,GA,1.0,GA,True,1.0
4981446,Amareonthebeat,,2,4,0.0,0.0,3.0,0.08401700601189092,0,,,0.0,0.0,2.4,2,1758405600,27.0,29,2,GA,1.0,GA,True,1.0
4530406,buns,,1,2,0.0,0.0,-12.0,0.05637254901960784,0,,,0.0,0.0,1.2,1,1756944000,39.0,39,1,GA,1.0,GA,True,1.0
4943818,KingDeeDeeD,,2,4,0.0,0.0,0.0,0.05147678685909571,0,,,0.0,0.0,2.4,2,1756944000,33.5,39,2,GA,1.0,GA,True,1.0
1108379,Pharrow,,1,2,0.0,0.0,-1.0,0.1388888888888889,0,,,0.0,0.0,1.2,1,1755738000,14.0,14,1,GA,1.0,GA,True,1.0
4932289,OTC-Sessions,,1,2,0.0,0.0,0.0,0.16666666666666666,0,,,0.0,0.0,1.2,1,1755734400,15.0,15,1,GA,1.0,GA,True,1.0
4685408,buffer 1,,1,2,0.0,0.0,1.0,0.2121212121212121,0,,,0.0,0.0,1.2,1,1755738000,14.0,14,1,GA,1.0,GA,True,1.0
4838689,Raguza,,1,2,0.0,0.0,-9.0,0.08012820512820512,0,,,0.0,,1.2,1,1755738000,14.0,14,1,GA,1.0,GA,True,1.0
4952158,Gambit,,1,2,0.0,0.0,2.0,0.0375,0,,,0.0,0.0,1.2,1,1756683000,35.0,35,1,GA,1.0,GA,True,1.0
4951811,Klouder,,1,2,0.0,0.0,1.0,0.039938556067588324,0,,,0.0,0.0,1.2,1,1756683000,35.0,35,1,GA,1.0,GA,True,1.0
1290793,6thRaikage,,1,2,0.0,0.0,1.0,0.09316770186335403,0,,,0.0,0.0,1.2,1,1756683000,35.0,35,1,GA,1.0,GA,True,1.0
4899772,polobear1975,,1,2,0.0,0.0,-5.0,0.05570291777188329,0,,,0.0,0.0,1.2,1,1756683000,35.0,35,1,GA,1.0,GA,True,1.0
135082,Xangief,GA,1,2,0.0,0.0,-8.0,0.04640151515151515,0,,,0.0,0.0,1.2,1,1756683000,35.0,35,1,GA,1.0,GA,False,1.0
3446387,Klepto,GA,1,2,0.0,0.0,0.0,0.08333333333333333,0,,,0.0,0.0,1.2,1,1756339200,28.0,28,1,GA,1.0,GA,False,1.0
4681079,Bornsage,GA,1,2,0.0,0.0,1.0,0.12142857142857143,0,,,0.0,0.0,1.2,1,1756339200,28.0,28,1,GA,1.0,GA,False,1.0
4925551,Damatrix,,1,2,0.0,0.0,1.0,0.19791666666666666,0,,,0.0,0.0,1.2,1,1755378000,18.0,18,1,GA,1.0,GA,True,1.0
183894,Shuri,GA,1,2,0.0,0.0,-5.0,0.12777777777777777,0,,,0.0,0.0,1.2,1,1755378000,18.0,18,1,GA,1.0,GA,False,1.0
720330,Marcus,GA,1,2,0.0,0.0,2.0,0.14583333333333331,0,,,0.0,0.0,1.2,1,1754524800,12.0,12,1,GA,1.0,GA,False,1.0
4922557,MrFreshleys,,1,2,0.0,0.0,5.0,0.07670454545454546,0,,,0.0,0.0,1.2,1,1755129600,24.0,24,1,GA,1.0,GA,True,1.0
4922527,StephDaddy,,1,2,0.0,0.0,4.0,0.06944444444444445,0,,,0.0,0.0,1.2,1,1755129600,24.0,24,1,GA,1.0,GA,True,1.0
4922492,brandon,,1,2,0.0,0.0,2.0,0.09821428571428571,0,,,0.0,0.0,1.2,1,1755129600,24.0,24,1,GA,1.0,GA,True,1.0
4922110,EliBrad123,,1,2,0.0,0.0,-2.0,0.06944444444444445,0,,,0.0,0.0,1.2,1,1755129600,24.0,24,1,GA,1.0,GA,True,1.0
4922491,Nox,,1,2,0.0,0.0,0.0,0.07670454545454546,0,,,0.0,0.0,1.2,1,1755129600,24.0,24,1,GA,1.0,GA,True,1.0
2364649,YoshiAteMyPizza,GA,1,2,0.0,0.0,1.0,0.05714285714285714,0,,,0.0,0.0,1.2,1,1755381600,22.0,22,1,GA,1.0,GA,False,1.0
3327119,girlfeet,GA,1,2,0.0,0.0,5.0,0.0748663101604278,0,,,0.0,0.0,1.2,1,1755381600,22.0,22,1,GA,1.0,GA,False,1.0
855502,Hoodlum1012,GA,1,2,0.0,0.0,-4.0,0.09191176470588236,0,,,0.0,0.0,1.2,1,1755378000,18.0,18,1,GA,1.0,GA,False,1.0
4912558,DeadlyNut,,1,2,0.0,0.0,3.0,0.15000000000000002,0,,,0.0,0.0,1.2,1,1754524800,12.0,12,1,GA,1.0,GA,True,1.0
4192470,STVCK,GA,1,2,0.0,0.0,-9.0,0.08012820512820512,0,,,0.0,,1.2,1,1753315200,15.0,15,1,GA,1.0,GA,False,1.0
4888320,DevilofdaDynasty,,1,2,0.0,0.0,2.0,0.3214285714285714,0,,,0.0,0.0,1.2,1,1753315200,15.0,15,1,GA,1.0,GA,True,1.0
1533578,QUICKTAKETHISL,GA,1,2,0.0,0.0,-3.0,0.08187134502923976,0,,,0.0,0.0,1.2,1,1753315200,22.0,22,1,GA,1.0,GA,False,1.0
4500557,ZanyZeta,,1,2,0.0,0.0,2.0,0.3214285714285714,0,,,0.0,0.0,1.2,1,1752966000,16.0,16,1,GA,1.0,GA,True,1.0
437583,AShavers21,GA,1,2,0.0,0.0,3.0,0.5555555555555556,0,,,0.0,0.0,1.2,1,1752966000,16.0,16,1,GA,1.0,GA,False,1.0
